sample_id,vehicle,target,baseline,full,no_plan,only_dev,no_dev,empty
122048_1767665400,122048,-25.0,15.009352007515396,-9.772063772289941,-8.581376038964427,0.0015759072997216291,-3.637860515775448,24.470047263419374
122048_1767665700,122048,0.0,15.009352007515396,-9.392041277855494,-9.260096313728269,0.0015759072997216291,-3.3526127265548666,24.470047263419374
122048_1767666000,122048,0.0,15.009352007515396,-5.700627569449633,-5.754428384158466,0.0015759072997216291,11.792127368760585,24.470047263419374
122048_1767666300,122048,0.0,15.009352007515396,-13.646267401739177,-1.4055280481067511,0.0015759072997216291,3.8055178188830325,24.470047263419374
122048_1767666600,122048,0.0,15.009352007515396,4.6309257156555805,-2.347343225068168,0.0015759072997216291,11.436153533252478,24.470047263419374
133957_1767666600,133957,-32.0,9.855633727036597,2.2153442614297303,4.002252382244858,5.497995147506503e-07,19.958602448318977,17.34297019060519
129964_1767666600,129964,44.0,-11.34361742402362,-58.46560531247627,-35.09309239614085,-38.99428587186284,-14.12904057350711,24.568663910117994
133957_1767666900,133957,-32.0,9.855633727036597,-0.3702051443536435,3.4362107864666007,5.497995147506503e-07,19.527336254403288,17.34297019060519
132430_1767666900,132430,46.0,-0.944654888973659,-0.6077377504446231,-8.412644791561288,-4.379438288738713,19.27569208780604,9.72689839947363
122048_1767666900,122048,0.0,15.009352007515396,-12.532657008000484,-0.7931713089895064,0.0015759072997216291,2.3916972922242117,24.470047263419374
129964_1767666900,129964,16.0,-81.54688366245665,-76.34980644334308,-23.890248627156623,-28.206536057047742,-16.4039759730815,24.568663910117994
133957_1767667200,133957,17.0,9.855633727036597,8.628934185171708,3.1079509673003005,5.497995147506503e-07,31.002639112916945,17.34297019060519
132430_1767667200,132430,102.0,-4.856758977027582,20.920523472631523,-2.673956092888858,-11.017031577239806,35.936093565584976,9.72689839947363
122048_1767667200,122048,0.0,15.009352007515396,-24.381295287711094,0.03730689526504248,0.0015759072997216291,-9.301574661776234,24.470047263419374
129964_1767667200,129964,-27.0,28.970706226472075,-14.76219674228376,10.32497008716739,6.554468072617389,-11.928040195536196,24.568663910117994
132430_1767667500,132430,-23.0,85.41498394233408,49.31321711292625,28.523499162717346,29.362731331150506,34.518423266010466,9.72689839947363
122048_1767667500,122048,0.0,15.009352007515396,-3.486632926109153,-0.8733133172015195,0.0015759072997216291,5.298508556999932,24.470047263419374
129964_1767667500,129964,2.0,19.51980020148322,20.713969167853467,44.26327549036484,45.81248398591463,-7.68224011472504,24.568663910117994
133957_1767667500,133957,-66.0,-20.000271421483944,11.845121328834693,-6.75197988303292,-10.360504360193023,44.55253739226755,17.34297019060519
122048_1767667800,122048,0.0,15.009352007515396,-7.689026376692531,-1.3806684025739557,0.0015759072997216291,2.9118191326602822,24.470047263419374
133957_1767667800,133957,-74.0,-4.8045511332186095,21.581612693687934,18.16587797657871,22.92953834311609,17.16977573103889,17.34297019060519
132430_1767667800,132430,-2.0,66.85652640062224,93.97850935886244,56.48290758064341,52.67750839933166,38.76481348702619,9.72689839947363
129964_1767667800,129964,-70.0,23.117522218773335,-14.052019140618622,8.065546502862329,7.734393322529135,-11.883796802171668,24.568663910117994
134040_1767667800,134040,20.0,9.24091534202745,-1.2303385872109032,1.421940957539679,8.14510164165404e-07,8.706753027079031,14.73210727822131
129964_1767668100,129964,-76.0,-6.176018163125278,-36.12638202027735,4.2007333287885835,2.930746676175783,-23.42148944204782,24.568663910117994
132430_1767668100,132430,27.0,38.83100464405056,57.60811409666597,38.425460243930154,36.053872862383415,38.85514043566433,9.72689839947363
122048_1767668100,122048,0.0,15.009352007515396,37.255895399919666,0.7657734437742932,0.0015759072997216291,43.84034596228611,24.470047263419374
133957_1767668100,133957,-61.0,-21.12446272011931,12.529355831981729,-5.05107993329131,-5.034482625674791,21.624020638810897,17.34297019060519
134040_1767668100,134040,93.0,9.24091534202745,-1.3941112205801918,-1.7999539948489254,8.14510164165404e-07,9.15344437334808,14.73210727822131
132430_1767668400,132430,22.0,-52.81725154549629,24.589936850837628,1.7649578345684311,-8.533039643118961,45.74748692697481,9.72689839947363
122048_1767668400,122048,0.0,15.009352007515396,20.640401810628585,2.1816925582912843,0.0015759072997216291,35.31894293990897,24.470047263419374
133957_1767668400,133957,-34.0,-80.53031117079271,-18.855885203602796,-22.200552149404785,-43.723244072985125,29.78994152213825,17.34297019060519
122048_1767668700,122048,0.0,15.009352007515396,4.574095769353305,18.551473493845812,0.0015759072997216291,22.80564219327548,24.470047263419374
132430_1767668700,132430,74.0,22.775543923773004,34.21675666582553,19.635504823944675,11.025946470999148,42.744428369055875,9.72689839947363
122048_1767669000,122048,0.0,15.009352007515396,24.919672400078042,20.69718069593671,0.0015759072997216291,43.90665310573042,24.470047263419374
132430_1767669000,132430,1.0,-28.612165719204015,36.1553129472924,6.99139455332149,-13.066053217506905,59.86343531566777,9.72689839947363
133957_1767669300,133957,46.0,1.2100295919898585,8.102174419201553,1.044874630905781,-12.005859535508872,41.32854604761081,17.34297019060519
132430_1767669300,132430,4.0,125.86276858067136,144.00529794047262,78.73713442335216,57.937088121493204,42.61858919305744,9.72689839947363
122048_1767669300,122048,0.0,15.009352007515396,56.156642787933805,21.56834499457011,0.0015759072997216291,68.69900649793976,24.470047263419374
122048_1767669600,122048,0.0,15.009352007515396,34.41030012567737,26.328537053667347,0.0015759072997216291,50.90212822026881,24.470047263419374
133957_1767669600,133957,58.0,1.2100295919898585,-7.5601821131815505,7.055323621119797,-12.005859535508872,26.771122605867177,17.34297019060519
132430_1767669600,132430,84.0,22.775543923773004,20.089947547184018,21.451581708303106,12.025946470999148,25.65138190735428,9.72689839947363
133957_1767669900,133957,40.0,1.2100295919898585,-4.663783183548702,8.948297501304666,-12.005859535508872,30.18014626578342,17.34297019060519
122048_1767669900,122048,0.0,15.009352007515396,6.963774858348822,31.032962383581452,0.0015759072997216291,26.472815696463723,24.470047263419374
132430_1767669900,132430,58.0,-21.693330071362993,28.52386722214291,14.067830290794678,0.2968579013386652,45.22634392543167,9.72689839947363
133957_1767670200,133957,133.0,31.64423564246189,50.02874389106253,34.97714876540414,21.936113401955467,49.14069544311881,17.34297019060519
134040_1767670200,134040,110.0,23.088144400887973,36.64867376557953,72.60663224566215,55.35353760729272,20.903604109687244,14.73210727822131
129964_1767670200,129964,74.0,57.01427224248336,21.433034697274962,40.777812583390734,27.92500705990923,4.329246527934918,24.568663910117994
135081_1767670200,135081,14.0,9.019746632569095,-10.531631670544686,17.280074354397563,6.875286454051962e-07,-0.9842469091634444,22.704094302776095
122048_1767670200,122048,0.0,15.009352007515396,12.562346115867207,31.231365625400535,0.0015759072997216291,36.243116911181346,24.470047263419374
122048_1767670500,122048,0.0,15.009352007515396,26.50401527901228,31.231365625400535,0.0015759072997216291,51.69934746432362,24.470047263419374
129964_1767670500,129964,61.0,22.331780131047577,-17.606749905655125,25.872882872769168,3.007232180701198,2.791527446463726,24.568663910117994
133957_1767670500,133957,55.0,65.71137487576945,65.09048755857825,47.46983982540317,39.43310188677836,71.67871807655521,17.34297019060519
134040_1767670500,134040,129.0,58.641687028062805,50.01618156450441,60.3138074111214,45.303566060995806,19.818319780423153,14.73210727822131
135081_1767670500,135081,63.0,9.019746632569095,9.87299487162821,17.280074354397563,6.875286454051962e-07,20.123169499753217,22.704094302776095
132430_1767670500,132430,215.0,60.3262487416827,43.707606610640056,73.45009257450498,55.979093632423925,40.14721050870551,9.72689839947363
135081_1767670800,135081,54.0,9.019746632569095,-3.1334545092997326,13.090491231262504,6.875286454051962e-07,11.705667978659198,22.704094302776095
129964_1767670800,129964,-16.0,57.96476719327424,57.78548730860391,95.06356820762007,76.69559684400352,0.30340991395915073,24.568663910117994
133957_1767670800,133957,-10.0,109.50480933312949,150.29095438608093,107.40405631954643,90.00778205834786,90.57701859984606,17.34297019060519
122048_1767670800,122048,0.0,15.009352007515396,43.48877596668791,23.622475299985936,0.0015759072997216291,57.94310261727311,24.470047263419374
134040_1767670800,134040,132.0,58.38074311254724,65.04927670328634,66.00499063728415,61.52816183769558,42.72319455460355,14.73210727822131
132430_1767670800,132430,162.0,94.87802344755063,58.88227186254126,60.27690849420249,54.32756515594986,26.929165687297594,9.72689839947363
134040_1767671100,134040,60.0,128.14282400567225,111.51954642068577,85.83712744857421,89.01004588153607,38.811146749220576,14.73210727822131
133957_1767671100,133957,-86.0,109.86481498386482,51.62443204034281,50.25296144309303,74.12327798646213,66.961138670571,17.34297019060519
129964_1767671100,129964,-55.0,62.51076543287169,49.12671657952143,86.03830036782452,75.61144604731665,-0.3153500267288787,24.568663910117994
132430_1767671100,132430,137.0,94.87802344755063,59.0493859762723,57.99202222111528,54.32756515594986,29.60537589607545,9.72689839947363
122048_1767671100,122048,0.0,15.009352007515396,35.26381198928732,20.003140757126623,0.0015759072997216291,61.74519990294904,24.470047263419374
135081_1767671100,135081,45.0,221.60410245999304,27.631107286084326,66.2059595752741,58.248786689288856,2.9827651106523105,22.704094302776095
122048_1767671400,122048,0.0,15.009352007515396,43.328777766573474,19.943324445673703,0.0015759072997216291,69.08263611359386,24.470047263419374
129964_1767671400,129964,22.0,28.970706226472075,-1.176188910934557,20.636045119678403,5.474123708257586,5.446502306260902,24.568663910117994
132430_1767671400,132430,244.0,194.48173261073111,131.01882454716127,102.90513002879688,98.40071213223844,28.48300508755839,9.72689839947363
134040_1767671400,134040,43.0,93.02196014377243,29.579001994972415,64.9096043998668,60.34440241416088,18.848682647519425,14.73210727822131
133957_1767671400,133957,-86.0,56.60371129307719,21.032048799365178,33.54088754061047,21.063932272108637,47.936144514257215,17.34297019060519
135081_1767671400,135081,84.0,56.23150899999718,66.38864362655526,62.99787174334223,58.95751110407768,16.370030340253457,22.704094302776095
135081_1767671700,135081,104.0,59.79217579091326,25.202520714113533,28.646007366412718,26.52853789884336,16.742594114310755,22.704094302776095
132430_1767671700,132430,324.0,79.50885630160484,134.370814993426,68.26950031638548,63.81223180679571,41.00230038856176,9.72689839947363
133957_1767671700,133957,-40.0,-80.87316012691454,-20.370630540355897,-25.1391515238533,-55.00047995778958,58.063474982114776,17.34297019060519
134040_1767671700,134040,-29.0,82.0970004008204,27.314537571075533,72.57321981547535,63.243647240448794,33.250924014126404,14.73210727822131
122048_1767671700,122048,0.0,15.009352007515396,21.802556585751514,19.943324445673703,0.0015759072997216291,47.67497275599518,24.470047263419374
129964_1767671700,129964,-50.0,-3.195164053969002,-28.782195789134835,18.19527199914674,-2.607601773752908,6.562372119105154,24.568663910117994
135081_1767672000,135081,-33.0,53.129513910990006,29.491818205692756,43.55820663480358,44.25385119184534,9.400040119376703,22.704094302776095
132430_1767672000,132430,364.0,194.48173261073111,175.7445735705939,103.74266096775123,98.40071213223844,42.18393206790764,9.72689839947363
129964_1767672000,129964,-7.0,99.28273502446339,23.056715745666175,71.84398654231812,62.92078435896175,-8.435633375956384,24.568663910117994
133957_1767672000,133957,-29.0,-47.10140393289069,-8.85388148801681,-1.6644361710162485,-34.13802394158905,52.964894562659026,17.34297019060519
135081_1767672300,135081,-40.0,50.51321170392826,-5.9181851652386115,40.05804103835742,38.29016299519931,-8.130617779367457,22.704094302776095
133957_1767672300,133957,-51.0,-47.914878781924216,-27.59602773368023,-13.483221982603226,-45.51403033917779,44.324087003122735,17.34297019060519
122048_1767672300,122048,66.0,15.009352007515396,8.863200616294133,13.822479582691344,0.0015759072997216291,28.917277982865677,24.470047263419374
132430_1767672300,132430,275.0,161.51976799628744,199.04339334324095,147.2207636458434,147.90648253026848,34.54845691204775,9.72689839947363
129964_1767672300,129964,-9.0,-29.445485586445955,-45.74170273961943,6.566957532222361,-14.581878849111348,1.3852391075792185,24.568663910117994
133957_1767672600,133957,-8.0,20.779063439784608,33.5073614015651,28.626411033103146,4.354406378251841,47.42978601145868,17.34297019060519
135081_1767672600,135081,-145.0,45.840053579538456,-5.610901433945315,47.031287236336695,46.29657723343004,-7.6890831210514925,22.704094302776095
122048_1767672600,122048,66.0,15.009352007515396,15.593794604291492,18.44088603032752,0.0015759072997216291,33.70346898156094,24.470047263419374
132430_1767672600,132430,322.0,230.47707762279742,273.78538898526693,179.71787229405962,180.43869171730967,56.71862534934825,9.72689839947363
133957_1767672900,133957,-34.0,40.89333295713212,14.711707035657192,15.310776981449962,-17.22734475418147,48.465991323984746,17.34297019060519
122048_1767672900,122048,170.0,15.009352007515396,10.269058185437563,18.080001358838032,0.0015759072997216291,30.329682393764504,24.470047263419374
132430_1767672900,132430,130.0,168.7306272779442,182.79918333570635,107.34248064875604,116.60187960603245,43.466842116679665,9.72689839947363
130238_1767672900,130238,-23.0,10.064878593586776,-0.38479946203662163,15.067821673188607,1.5673107618172714e-06,15.743274122757613,23.76532520972568
135081_1767672900,135081,-98.0,-5.227873798098457,3.8545749992968155,11.910983968746088,-6.2291872624741025,23.083457578701115,22.704094302776095
129964_1767672900,129964,-29.0,23.117522218773335,0.4063532964907166,25.82821126519979,8.53750440022373,10.042849527739815,24.568663910117994
129964_1767673200,129964,-57.0,-2.9006733511144986,-6.88125476337569,30.96969665784666,4.754374127542789,11.894924776868107,24.568663910117994
130238_1767673200,130238,39.0,10.064878593586776,5.199709853246606,14.476227253742255,1.5673107618172714e-06,20.695210889715828,23.76532520972568
122048_1767673200,122048,41.0,79.67943015562315,69.06572884747122,76.1505682872272,63.42768233605489,43.86481390684504,24.470047263419374
132430_1767673200,132430,129.0,248.87417004201365,266.6955762278955,184.8432729037633,180.3292427841643,53.404086174241044,9.72689839947363
135081_1767673200,135081,71.0,-106.64245390724139,-37.17402724582115,-24.721914793711093,-35.8293143164169,11.287384860854475,22.704094302776095
129964_1767673500,129964,19.0,-2.9006733511144986,0.15883448304457914,36.65874267038682,4.754374127542789,19.80664994563778,24.568663910117994
122048_1767673500,122048,25.0,94.53603074631131,82.5708086350829,108.9816587483117,88.77970959517067,39.49350212733697,24.470047263419374
132430_1767673500,132430,265.0,81.08457641121423,183.11001703933047,113.68430019717594,107.29450979828813,50.61068526091055,9.72689839947363
130238_1767673500,130238,26.0,10.064878593586776,31.45804838880905,22.60833282984901,1.5673107618172714e-06,61.30749277131991,23.76532520972568
135081_1767673500,135081,64.0,-16.07258115645483,-52.89884354307061,-31.016529179485076,-47.3016667114472,17.080653961197363,22.704094302776095
130238_1767673800,130238,10.0,57.007946894985594,101.59610385140321,99.38874906123985,69.21447215218703,72.9979269495922,23.76532520972568
131672_1767673800,131672,-73.0,-48.33499536676949,-33.41790482724649,41.70398429993342,5.02184392546876,-21.464953269796233,21.912633056545065
133957_1767673800,133957,32.0,77.65265451971545,37.67206934901087,37.15810996612604,4.241274922208516,64.77030858728938,17.34297019060519
129964_1767673800,129964,-15.0,-63.61056292239759,-49.28833110530192,-8.664657385190708,-42.195551200518835,19.95652934714601,24.568663910117994
135081_1767673800,135081,111.0,-13.261679800343174,-9.065080590171803,5.199658188986234,-27.769838675005545,36.6303367766712,22.704094302776095
129964_1767674100,129964,72.0,56.83465367925604,40.660494459643694,61.139186407046594,33.63563413039719,32.99458172130849,24.568663910117994
130238_1767674100,130238,131.0,54.833780270657066,76.63416198738389,71.83474702807649,40.97675451691456,79.5290579804761,23.76532520972568
135081_1767674100,135081,80.0,56.23150899999718,109.30513637386103,102.16746409800523,57.39758799637903,74.76012026681607,22.704094302776095
131672_1767674100,131672,121.0,6.853763758676315,-18.78412105681944,42.49552304236995,2.046702066395344e-06,-15.209063212657435,21.912633056545065
133957_1767674100,133957,43.0,77.65265451971545,43.162104557459195,42.93210603262429,4.241274922208516,60.69379942653715,17.34297019060519
133957_1767674400,133957,74.0,77.65265451971545,44.641675602996216,42.41258037638428,4.241274922208516,62.63652796963401,17.34297019060519
135081_1767674400,135081,122.0,62.95798697910023,132.73395566239031,116.14400941233214,61.98987252535002,72.14286376148593,22.704094302776095
129964_1767674400,129964,95.0,3.915789117321957,26.273595458014423,44.641446109552085,4.4188696218952614,34.20842642628854,24.568663910117994
131672_1767674400,131672,145.0,-6.158774509015757,-23.76103604482588,39.7273888233547,-3.0796189438055634,-16.016050536267418,21.912633056545065
130238_1767674400,130238,168.0,19.367496484472767,38.75645405998394,28.855655498656162,-15.74647934608355,76.81873159437066,23.76532520972568
130238_1767674700,130238,240.0,88.3694473070443,141.64554871931045,100.70095770302935,69.73520842512768,88.02229420721802,23.76532520972568
131672_1767674700,131672,125.0,-26.871222431251653,-20.58480246863907,13.01627861438206,-35.34333095809364,-12.730381354878324,21.912633056545065
133957_1767674700,133957,171.0,112.19827373901478,86.4859489800998,77.06239499913849,49.00219827523168,81.98412960030572,17.34297019060519
135081_1767674700,135081,94.0,98.50346073948016,96.64086900907357,116.6647124250506,66.6034624746635,63.6135835628005,22.704094302776095
129964_1767674700,129964,46.0,12.05030553321248,7.2808770063456745,41.74188662268434,3.072369075652873,16.814700369380176,24.568663910117994
130238_1767675000,130238,233.0,146.6680734308216,152.614435606655,107.43809573068131,88.87098106644333,78.15458758093716,23.76532520972568
135081_1767675000,135081,53.0,66.9490324525296,96.50396754804972,116.67626798992664,82.11071631281665,46.107968978018775,22.704094302776095
129964_1767675000,129964,38.0,37.118477088469625,22.615456859052003,56.12731290820636,37.63036229378109,17.230388874227096,24.568663910117994
131672_1767675000,131672,166.0,53.52264617054713,71.00850381450756,95.571773786173,71.71908510270458,-24.35211247419396,21.912633056545065
133300_1767675000,133300,99.0,7.29908453499155,8.518785489696763,18.4322104903252,2.2192663897349476e-07,29.449126839627453,17.676491199465435
133957_1767675000,133957,92.0,73.7089613907963,89.88650807374053,77.83187474724541,59.34376369825782,91.63840258955202,17.34297019060519
135081_1767675300,135081,208.0,78.33797100710598,104.46487900227751,94.46072987393191,70.68738151401735,44.21494697492358,22.704094302776095
133300_1767675300,133300,99.0,7.29908453499155,10.199736233562742,16.84104800633272,2.2192663897349476e-07,29.82574134033779,17.676491199465435
131672_1767675300,131672,88.0,41.24274405737113,33.88538783363808,101.48416332905518,78.33472991823366,-17.240445775234196,21.912633056545065
129964_1767675300,129964,105.0,19.51980020148322,29.42966908361758,59.30827538217199,45.81248398591463,17.66718106077746,24.568663910117994
133957_1767675300,133957,5.0,147.83905754797996,139.7779156317074,79.70695584284442,51.18931382323942,103.06022045666536,17.34297019060519
133957_1767675600,133957,-10.0,26.29587427392943,89.26361537669554,78.3337891456572,57.344634230147285,94.06787358157545,17.34297019060519
122048_1767675600,122048,-68.0,16.60637545425353,27.925371015631626,37.08013451318419,1.320964515880338,46.215629040917825,24.470047263419374
133300_1767675600,133300,180.0,7.29908453499155,24.2252835820195,15.817980743334537,2.2192663897349476e-07,46.03464335858837,17.676491199465435
129964_1767675600,129964,46.0,57.01427224248336,6.668610411770114,41.19044617629848,27.92500705990923,7.039945080493013,24.568663910117994
135081_1767675600,135081,299.0,65.76942936625537,77.59919240761016,72.7659596662956,57.183963621145836,47.211699961292865,22.704094302776095
133300_1767675900,133300,135.0,117.14643773583448,92.71562220323601,87.26489697966974,81.352564864094,53.113687520044245,17.676491199465435
122048_1767675900,122048,-86.0,-30.00873126441124,16.038756729669757,15.909760093254263,-26.307618568670847,61.24387233712036,24.470047263419374
129964_1767675900,129964,20.0,49.376437249170635,49.56560874713713,79.30572220564602,67.91744137886934,10.427648781963809,24.568663910117994
133957_1767675900,133957,-32.0,67.65345369836436,49.633580942941634,56.61775680976976,38.49887035276163,73.85683949921732,17.34297019060519
135081_1767675900,135081,224.0,148.72914364693355,164.88156504137646,122.79216421639399,120.00333348628412,50.06488881553349,22.704094302776095
133300_1767676200,133300,170.0,213.86206757925225,212.12690538922362,156.7076256882518,163.87105254988955,61.69497762053864,17.676491199465435
129964_1767676200,129964,91.0,73.67227708775766,30.33195762067976,88.01515436318175,81.28686362357676,-3.0408111225068346,24.568663910117994
135081_1767676200,135081,126.0,305.0128036489416,238.62974705404906,223.45871441926525,233.65486640740522,30.397118959121926,22.704094302776095
133957_1767676200,133957,95.0,56.60371129307719,35.38184554997536,30.826541697095024,21.063932272108637,66.89643413577657,17.34297019060519
122048_1767676200,122048,25.0,-24.474930346251824,-36.08326184884105,-9.57229661123128,-40.837686863457115,31.81918147543176,24.470047263419374
135081_1767676500,135081,-30.0,88.40883017733483,83.33423102936189,131.01532397037582,142.84436084557905,19.21858298728154,22.704094302776095
122048_1767676500,122048,-41.0,-9.503527639846169,8.162716359989549,37.964247120714774,2.7871330708661723,29.507122671933896,24.470047263419374
133300_1767676500,133300,169.0,44.62571727690154,131.31627878847863,71.7505471481679,80.14276469027466,59.36686496972307,17.676491199465435
133957_1767676500,133957,61.0,-20.000271421483944,7.398923917684712,17.06518384406489,-10.360504360193023,53.11576028442764,17.34297019060519
133300_1767676800,133300,289.0,80.44884398303554,91.02965581854505,56.54604051755382,72.34816228850596,45.25830954771183,17.676491199465435
122048_1767676800,122048,-163.0,59.629885141384136,2.454264146402359,3.736863588378995,-29.60046762197514,44.49091245913531,24.470047263419374
133957_1767676800,133957,7.0,1.0230902242869746,13.317525843025045,12.276425209984197,-15.569232439944837,42.33794939614754,17.34297019060519
122048_1767677100,122048,-177.0,15.217508228055905,12.505894489388854,1.9168899103658763,15.641329382414114,46.134422409852945,24.470047263419374
133957_1767677100,133957,-94.0,109.50480933312949,101.2479785328612,83.52956691207731,86.28478224008987,42.08234903379678,17.34297019060519
122048_1767677400,122048,-65.0,-58.31255500537165,-57.99564532261239,-30.99118672103313,-37.80866252389362,8.406726644389375,24.470047263419374
133957_1767677400,133957,-91.0,-0.4468769459554096,22.183602060876847,23.41924410910905,27.1296034477035,39.61626889365679,17.34297019060519
133300_1767677400,133300,87.0,252.40439479053558,96.84481735600127,158.34873360143428,206.7303946576397,12.05356805335998,17.676491199465435
130238_1767677400,130238,-50.0,43.63558778438432,26.051214223856753,14.704357498091262,20.97069084011457,46.78448146404554,23.76532520972568
134040_1767677400,134040,71.0,186.03382692654668,17.373243836434312,72.18039915822625,98.10478275631054,18.827683360971008,14.73210727822131
122048_1767677700,122048,12.0,44.883783617319935,-131.74058485572726,-64.51194553482182,-30.70742242958005,-27.27186443250419,24.470047263419374
134040_1767677700,134040,174.0,26.691856955522056,25.588850939825264,20.815395470625717,48.170736946345,45.90396681152015,14.73210727822131
133300_1767677700,133300,87.0,56.14153344047082,120.08838217376083,176.26481024045086,195.0163464382394,12.096738192993577,17.676491199465435
130238_1767677700,130238,-47.0,52.210103848770096,21.540476202309097,0.5343757695481628,20.17952569977208,61.98184701169498,23.76532520972568
130238_1767678000,130238,-45.0,115.47269919979367,34.33908053587026,26.78337070932986,58.48151045237796,39.680595861706,23.76532520972568
133300_1767678000,133300,108.0,56.14153344047082,141.46816213261695,176.04398524080904,195.0163464382394,34.68490264144415,17.676491199465435
134040_1767678000,134040,-25.0,52.54103626518409,37.35123269630252,25.166274611515924,54.68569699603631,56.21880357770803,14.73210727822131
122048_1767678000,122048,47.0,-27.479005151135766,-40.49311458161527,-30.270099771286013,-41.58764626069949,18.130927965804823,24.470047263419374
133300_1767678300,133300,59.0,46.16629660169669,107.02420950146103,107.94420354918849,68.24700301065917,61.858809563157855,17.676491199465435
130238_1767678300,130238,-142.0,-9.14266237348,-2.669556329726902,26.51674217257714,-22.810142938358847,37.53440922718147,23.76532520972568
122048_1767678300,122048,124.0,-41.064731615661046,-16.619851641974336,-0.30437541327908946,-21.384278340657307,14.082585797431959,24.470047263419374
133300_1767678600,133300,40.0,149.38148776375232,183.13266914208674,140.0867753081109,98.5775258016137,80.16672321407466,17.676491199465435
122048_1767678600,122048,172.0,-22.429349756533995,0.09974594235816614,9.25542554502125,7.169419473379582,12.275050022547978,24.470047263419374
133300_1767678900,133300,-2.0,73.03168074208725,136.42242329086022,111.35745229609446,65.47938063743004,83.86391043538092,17.676491199465435
122048_1767678900,122048,140.0,100.32550970295527,19.74645141329289,32.803488666277865,72.36250158879906,27.657409610640837,24.470047263419374
133957_1767679500,133957,49.0,63.98614099140793,38.482750315177135,31.71746786214807,4.285961954494827,52.21549710626403,17.34297019060519
130238_1767679500,130238,0.0,-14.727772477883477,-65.69486837133609,19.324020533289982,-25.756913124838125,-18.607817470526307,23.76532520972568
130238_1767679800,130238,0.0,-14.727772477883477,-43.35854158423502,13.072190966261289,-25.756913124838125,3.1612582384739025,23.76532520972568
133957_1767679800,133957,71.0,63.98614099140793,23.53147232955603,29.90331164935808,4.285961954494827,40.3830757233809,17.34297019060519
132430_1767679800,132430,73.0,8.307535363604387,-46.10744583045624,8.674756099429265,8.637752600454888e-07,28.14677734935222,9.72689839947363
134040_1767679800,134040,23.0,-11.457592691312257,12.75177682875428,27.227530592311247,-9.78798671653813,28.574377710706795,14.73210727822131
132430_1767680100,132430,73.0,8.307535363604387,15.012560328239918,9.408638740371732,8.637752600454888e-07,37.48000355744435,9.72689839947363
134040_1767680100,134040,26.0,-11.457592691312257,9.53964962817173,27.32438176864546,-9.78798671653813,30.39734188450148,14.73210727822131
133957_1767680100,133957,111.0,63.98614099140793,50.564398094541275,24.713037339754152,4.285961954494827,53.93150173124755,17.34297019060519
130238_1767680100,130238,0.0,-14.727772477883477,-16.960849228459033,9.179199303307506,-25.756913124838125,30.678797275616716,23.76532520972568
134040_1767680400,134040,-52.0,-11.457592691312257,29.71521801703401,12.636121933448408,-9.78798671653813,50.43117059698334,14.73210727822131
133957_1767680400,133957,18.0,137.89766905755658,18.997830227042698,2.2804013088996697,56.974323508971594,29.595506525320932,17.34297019060519
130238_1767680400,130238,0.0,10.064878593586776,3.635002630999631,-13.997365810190189,1.5673107618172714e-06,30.754147786770424,23.76532520972568
132430_1767680400,132430,-15.0,8.307535363604387,4.274485578831589,-0.4715106471389807,8.637752600454888e-07,21.25957811193673,9.72689839947363
129964_1767680400,129964,-51.0,85.24963489951425,-20.155098080418753,6.347384285251195,65.0171374205038,5.103809709740544,24.568663910117994
134040_1767680700,134040,-87.0,28.957960856928548,11.184013713919786,0.3211532043633376,30.976973140200013,37.53166374292801,14.73210727822131
132430_1767680700,132430,-42.0,61.81938251724099,20.19043633796904,21.894996569852132,66.6816635835382,16.136692275518644,9.72689839947363
133957_1767680700,133957,39.0,134.4377637567502,70.9327787084778,38.19528854293292,75.8822255763271,47.89440125261282,17.34297019060519
130238_1767680700,130238,0.0,10.064878593586776,-2.893638213543013,-18.595103955127644,1.5673107618172714e-06,26.938143180283504,23.76532520972568
129964_1767680700,129964,-106.0,85.24963489951425,-47.36973577361309,14.564306601813229,65.0171374205038,-15.577472300927598,24.568663910117994
133957_1767681000,133957,-30.0,67.79480697207885,68.64515584944655,41.89451718274105,71.12440065876146,58.255077397391844,17.34297019060519
129964_1767681000,129964,7.0,85.24963489951425,5.87746481157005,29.461189304842748,65.0171374205038,-25.851822494639276,24.568663910117994
132430_1767681000,132430,32.0,61.81938251724099,38.76580470880078,34.999997146722,66.6816635835382,9.404340426055088,9.72689839947363
130238_1767681000,130238,0.0,10.064878593586776,4.458961275124122,-9.715556210813467,1.5673107618172714e-06,34.54477828708575,23.76532520972568
122658_1767681000,122658,181.0,154.21267675094757,211.01648755874922,92.01210240660097,145.24366812716488,75.42737054289192,22.96361597347744
133300_1767681000,133300,12.0,40.539219419429074,16.35044197114617,2.5513827930687185,32.45448206270009,28.972232564465944,17.676491199465435
134040_1767681000,134040,-111.0,-9.016826530737355,7.240831791456113,0.8846175062316091,-3.4503294622273817,37.35170489284827,14.73210727822131
134040_1767681300,134040,-75.0,-2.844160052566103,23.991619673537997,6.700292643535647,-14.826188909081317,50.91362308374126,14.73210727822131
129964_1767681300,129964,47.0,-81.54688366245665,-71.15248469780266,-30.57382377828609,-28.206536057047742,-19.204723303899975,24.568663910117994
132430_1767681300,132430,126.0,13.120458362460582,8.88361572384596,6.169566326139982,-0.45624968532473176,18.64099086747018,9.72689839947363
133300_1767681300,133300,-61.0,51.426863723576865,33.55844198715951,13.911664396547788,40.030309054201226,33.02855259177038,17.676491199465435
122658_1767681300,122658,0.0,151.2168271687314,16.569665046583793,58.32375778240629,104.67949338183152,11.634409736393893,22.96361597347744
130238_1767681300,130238,0.0,10.064878593586776,6.4990984212634215,-6.1596552087035095,1.5673107618172714e-06,41.45866516693197,23.76532520972568
133957_1767681300,133957,-59.0,25.229527149213357,20.786852969806212,6.811338847228981,26.1296034477035,48.52904220218521,17.34297019060519
130238_1767681600,130238,0.0,10.064878593586776,10.390984460588435,1.1344445406113037,1.5673107618172714e-06,37.97936449382847,23.76532520972568
133300_1767681600,133300,159.0,24.88478738775779,10.262890841076263,-10.345714033582215,-1.6199760612657688,24.544144265014474,17.676491199465435
134040_1767681600,134040,1.0,-1.7069927697288918,-9.605692368809073,-15.237763891668209,-33.52345312794095,37.520467782588234,14.73210727822131
133957_1767681600,133957,-30.0,-40.82980684282083,38.87867815881718,1.8497409659791604,3.5120731628538753,57.68461341787108,17.34297019060519
132430_1767681600,132430,65.0,20.767697043719913,-7.021664270490469,-12.592197397381003,-20.465949112872607,21.52066969601415,9.72689839947363
122658_1767681600,122658,0.0,151.2168271687314,8.434574627661249,71.55862702725292,104.67949338183152,13.284830048548635,22.96361597347744
129964_1767681600,129964,39.0,26.714004403152536,-61.78900148631831,-16.297831464658618,-13.957058036460573,-22.37124356084348,24.568663910117994
131672_1767681900,131672,37.0,38.56464001767413,-86.83067828809034,0.6430467916085671,15.829698754411975,-76.98745360450684,21.912633056545065
133300_1767681900,133300,79.0,18.56664395103967,-29.391681326356412,-25.266190224238635,-22.931244294456295,9.212625781980528,17.676491199465435
130238_1767681900,130238,0.0,10.064878593586776,-7.581718767773446,1.9579350749765274,1.5673107618172714e-06,12.874137921854818,23.76532520972568
134040_1767681900,134040,-38.0,-22.850455022848024,-30.515523781883843,-14.033182830974027,-36.91679282369375,20.005664667454788,14.73210727822131
129964_1767681900,129964,148.0,13.922508005220301,-10.154731108735719,1.7363286154833464,5.914549901844467,-13.349805847499818,24.568663910117994
122658_1767681900,122658,0.0,151.2168271687314,44.59419499126898,77.13843703008993,104.67949338183152,42.113268125954995,22.96361597347744
133957_1767681900,133957,-58.0,78.21295447208446,26.14209721449263,9.182326439939558,9.663419475618783,44.2885329638112,17.34297019060519
132430_1767681900,132430,-62.0,103.95239072049466,47.16345249298215,47.51508557901005,56.347743981206854,14.810977785418308,9.72689839947363
133957_1767682200,133957,-19.0,-100.30264350641664,-57.60393108839062,-43.182219921368116,-51.02240619315411,16.571623149179235,17.34297019060519
133300_1767682200,133300,79.0,109.59727687583181,37.90568387216,67.90197409877985,83.90937044463055,6.348816091815718,17.676491199465435
131672_1767682200,131672,13.0,38.56464001767413,-78.81439353654117,17.42036542999009,15.829698754411975,-69.96951972381768,21.912633056545065
134040_1767682200,134040,-71.0,-17.074252297323014,-26.5262326116854,-11.486530166671407,-27.12122343693487,12.012679743220861,14.73210727822131
129964_1767682200,129964,188.0,59.48854725891716,12.929588434704506,48.50257818390454,68.70886963782851,-20.170531438210947,24.568663910117994
132430_1767682200,132430,-16.0,46.51673036912517,76.27774129328732,59.454982492240724,60.979093632423925,14.412168966981055,9.72689839947363
122658_1767682200,122658,0.0,4.117278058377572,8.686598440700322,8.399952359243814,3.3838802857270036e-07,30.83618463857801,22.96361597347744
129964_1767682500,129964,84.0,57.96476719327424,18.12212114698336,68.90502888146523,77.65453013456853,-30.187557036868615,24.568663910117994
132430_1767682500,132430,248.0,-0.944654888973659,3.853372751775993,-5.4404742837229065,-4.379438288738713,30.819423489675412,9.72689839947363
133300_1767682500,133300,173.0,59.49370444771657,58.90209974372951,65.3103393337926,82.56593481702471,20.557041300313074,17.676491199465435
131672_1767682500,131672,16.0,38.56464001767413,-0.7882621262358498,24.213849536795614,15.829698754411975,-14.864635913186442,21.912633056545065
133957_1767682500,133957,-45.0,43.921937182945385,38.802088861882574,25.99464456748803,6.15828865387309,38.781589313834004,17.34297019060519
122658_1767682500,122658,0.0,4.117278058377572,20.09478682702504,13.10234125155646,3.3838802857270036e-07,36.569936883601,22.96361597347744
134040_1767682500,134040,46.0,-23.949420389939704,-10.649051092458617,-3.1801150793610518,-13.51026580970526,15.445532481640047,14.73210727822131
133957_1767682800,133957,-74.0,-100.30264350641664,-21.237107850460774,-31.17793654290903,-52.02240619315411,39.58404720790941,17.34297019060519
132430_1767682800,132430,267.0,47.09336352059437,19.66875178775269,1.440570846013152,-3.0359223190654774,33.774027573558584,9.72689839947363
122658_1767682800,122658,0.0,4.117278058377572,1.4980926501059888,13.102137290427063,3.3838802857270036e-07,17.981451391419743,22.96361597347744
133300_1767682800,133300,135.0,92.36966532858793,68.02020907808485,62.175497985771386,68.47878341065953,34.49009011910119,17.676491199465435
131672_1767682800,131672,-48.0,48.33196450727274,8.043927662196445,46.64362155431635,47.67133069748368,-44.64118610763213,21.912633056545065
129964_1767682800,129964,70.0,195.13047877693916,47.69858412382919,89.9761515898938,102.29942654018794,-18.35048461506828,24.568663910117994
133957_1767683100,133957,-8.0,-19.51708938217608,19.832902392568812,7.831455784415333,-14.645964466801441,41.86661916699563,17.34297019060519
133300_1767683100,133300,169.0,213.86206757925225,183.14933515155613,143.61483429359888,162.87105254988955,40.59617960877917,17.676491199465435
131672_1767683100,131672,-52.0,-13.549470727413613,-18.937611082415998,31.369498696791467,22.66112853935788,-34.19718839230203,21.912633056545065
132430_1767683100,132430,408.0,-82.7114199290851,-18.92287199901447,-37.143227838829674,-36.68305429696602,28.523972075460126,9.72689839947363
129964_1767683100,129964,154.0,85.24963489951425,54.29830857549524,61.38334643286095,66.01738181235692,-10.13480234461188,24.568663910117994
122658_1767683100,122658,0.0,4.117278058377572,21.03734726967563,13.987819865445157,3.3838802857270036e-07,38.45526559377363,22.96361597347744
129964_1767683400,129964,81.0,104.517597361128,47.0232135515365,75.80667006571926,78.00797802507572,-11.890163902632695,24.568663910117994
131672_1767683400,131672,-178.0,-10.871157746071866,-60.89793563088713,22.776804863542267,15.271833196674397,-59.31896469683827,21.912633056545065
122658_1767683400,122658,-11.0,4.117278058377572,11.680490085406605,14.338830625522318,3.3838802857270036e-07,31.242215233687503,22.96361597347744
132430_1767683400,132430,270.0,138.34148928984308,210.8560349192508,150.70891277407904,161.3292427841643,29.48771864989484,9.72689839947363
133300_1767683400,133300,166.0,44.62571727690154,113.53284506093884,70.7108537478764,79.14276469027466,44.70723308288879,17.676491199465435
129964_1767683700,129964,145.0,195.10600072248252,58.50690743018595,92.57417721593042,102.84543368942221,-26.605547563566713,24.568663910117994
133300_1767683700,133300,240.0,138.0730505926139,99.01459117651495,76.99206360419561,76.35222383572268,39.52335186114751,17.676491199465435
133957_1767683700,133957,10.0,-15.2012798768871,14.46577850339861,25.070633361775805,1.964905101588304,31.889199780612614,17.34297019060519
122658_1767683700,122658,96.0,4.117278058377572,73.71764186543655,15.584075555911463,3.3838802857270036e-07,90.58981997877692,22.96361597347744
132430_1767683700,132430,163.0,322.16046785916103,227.32934638172506,209.06300202375925,205.14772316101426,17.327076179157327,9.72689839947363
131672_1767683700,131672,-200.0,-6.158774509015757,-71.04921536224168,14.59967224396678,-3.0796189438055634,-65.01181045665898,21.912633056545065
122658_1767684000,122658,58.0,4.117278058377572,71.5207561547243,16.35913030238267,3.3838802857270036e-07,90.31876909644916,22.96361597347744
131672_1767684000,131672,-74.0,12.815519679800978,-55.24399411776916,-8.702973021507056,-22.70017438106367,-46.21085919304222,21.912633056545065
133957_1767684000,133957,33.0,-15.2012798768871,14.38729303134739,25.070633361775805,1.964905101588304,34.251396457265514,17.34297019060519
133300_1767684000,133300,116.0,91.0262708202292,65.32819232156749,63.48376566373943,92.59951967431131,17.42770275107886,17.676491199465435
129964_1767684000,129964,134.0,67.73136984869735,40.76541071075108,68.12566243422064,68.70091990165525,-10.296596155138678,24.568663910117994
132430_1767684000,132430,246.0,248.87417004201365,206.85670236790747,166.5433330151093,170.3292427841643,35.18617457501916,9.72689839947363
133300_1767684300,133300,116.0,213.86206757925225,106.73977105233138,147.5829715484519,160.87105254988955,14.817710887426623,17.676491199465435
122658_1767684300,122658,118.0,46.93373407555626,37.121233797861315,38.44217247590326,31.149544250548853,55.855953049025885,22.96361597347744
132430_1767684300,132430,230.0,68.28257640512231,138.7895154598857,78.80170561845296,80.5074513394754,38.04786626286358,9.72689839947363
130238_1767684300,130238,16.0,10.064878593586776,16.483974893298374,16.15492215735468,1.5673107618172714e-06,19.069665322393206,23.76532520972568
133957_1767684300,133957,71.0,-15.2012798768871,40.17967879489057,25.070633361775805,1.964905101588304,46.721596131266296,17.34297019060519
131672_1767684300,131672,24.0,-94.82729804332226,-119.33082862351858,-96.27856578476782,-92.24808747175103,-33.31543626347061,21.912633056545065
131672_1767684600,131672,-63.0,-11.123462405768493,-63.21698742767458,22.335273617318887,5.743323843912803,-54.20535335390216,21.912633056545065
129964_1767684600,129964,-29.0,71.80699505202162,12.660881730352543,76.20547573614022,79.42826475844488,-3.5543740042453935,24.568663910117994
122658_1767684600,122658,97.0,47.956061160565824,147.96958382603833,84.95838236004,82.7903758008502,97.53267235729069,22.96361597347744
135081_1767684600,135081,-78.0,-39.97618995592461,-47.45429699860713,-11.841154661797418,-26.76844866892455,-3.494941932300537,22.704094302776095
132430_1767684600,132430,215.0,109.88441403826263,114.66488363053651,68.34384386398182,73.22988020384788,17.81113978257072,9.72689839947363
122048_1767684600,122048,350.0,212.73524036396603,242.92736377515143,168.19006304797193,227.2103453609232,14.804239529606557,24.470047263419374
133300_1767684600,133300,214.0,56.14153344047082,140.66765561861087,177.02248612997255,192.0163464382394,27.903514223060043,17.676491199465435
131672_1767684900,131672,-96.0,43.032760524683454,-29.730488571341596,16.84096144095502,5.257574754627706,-34.941031984556176,21.912633056545065
135081_1767684900,135081,-28.0,-38.00426773049102,-24.537579040644275,-22.466039767878826,-25.574786565620585,4.431177378712968,22.704094302776095
122048_1767684900,122048,304.0,162.10415468317473,208.69255924322658,161.92991425749705,211.12781037290443,-21.36904497853637,24.470047263419374
129964_1767684900,129964,-70.0,78.92064092422399,9.419840304889277,71.46914716264017,72.8059897652063,-7.454623137035078,24.568663910117994
132430_1767684900,132430,183.0,79.79143076193675,151.21284390574402,95.88032387835133,108.82349131914883,20.593021220553528,9.72689839947363
133300_1767684900,133300,244.0,92.57895274586376,67.47695414787606,62.72126369159801,72.20624162347579,33.6179085112968,17.676491199465435
122658_1767684900,122658,97.0,98.90159742763008,206.49328132524673,97.11350856312228,104.01439053016065,91.19782689566759,22.96361597347744
135081_1767685200,135081,59.0,-39.97618995592461,-34.7614237949725,-26.877743545753923,-28.591954721862948,4.833960498171661,22.704094302776095
122048_1767685200,122048,183.0,224.78277901232966,164.8148132538366,154.36380656238163,206.2103453609232,-19.383626098571575,24.470047263419374
133300_1767685200,133300,255.0,200.12045916012417,190.1428620688015,151.60599585096836,173.87105254988955,37.05656665431901,17.676491199465435
122658_1767685200,122658,0.0,85.6642749622834,-1.4455692391235146,53.92182377275625,82.04542078339428,7.037293818013375,22.96361597347744
131672_1767685200,131672,-126.0,10.6262997714786,-49.340985071831994,15.820941416069283,7.6465022656238135,-50.48153237331933,21.912633056545065
129964_1767685200,129964,-34.0,78.92064092422399,50.58371146543422,69.28336823289618,72.8059897652063,-13.669836681035969,24.568663910117994
122048_1767685500,122048,141.0,142.330543262945,237.16894397030117,132.82552417005758,187.1109227120234,20.07390584646318,24.470047263419374
129964_1767685500,129964,-4.0,-55.9766242694747,-64.68610915806508,-29.218145386583515,-31.39333031285487,-12.045022477141687,24.568663910117994
132430_1767685500,132430,167.0,85.18783480308038,38.640384400097076,68.2745515847077,78.15875913565698,22.877318126222104,9.72689839947363
135081_1767685500,135081,275.0,41.48961474089262,-22.22822595747084,-28.52541438099997,-28.51165391169728,10.841786485838975,22.704094302776095
122658_1767685500,122658,0.0,85.6642749622834,17.958451036348762,72.10702448103342,80.53939956857202,13.973890686710481,22.96361597347744
133300_1767685500,133300,286.0,209.57820733341802,196.90835066740436,152.26364295185698,175.87105254988955,40.90745310625621,17.676491199465435
135081_1767685800,135081,288.0,29.946270068713762,5.5229536654975,4.870902550415799,13.039747125023153,-3.5193186062371526,22.704094302776095
133300_1767685800,133300,404.0,155.25562243235123,157.69014506471126,119.7984476287574,143.45741321013787,31.081739398164864,17.676491199465435
132430_1767685800,132430,64.0,85.18783480308038,42.28593018235938,58.29901216111884,78.15875913565698,12.718027225848225,9.72689839947363
129964_1767685800,129964,17.0,-81.54688366245665,-63.91697499594292,-27.084348239005767,-28.206536057047742,-7.522586121229073,24.568663910117994
122048_1767685800,122048,45.0,126.03166435904777,179.15629440720858,115.11970932282244,123.1395129070698,13.06852845467134,24.470047263419374
122658_1767685800,122658,0.0,85.6642749622834,39.25555447237205,71.23561873312686,80.53939956857202,34.96545496524632,22.96361597347744
135081_1767686100,135081,247.0,210.94593421053534,164.31284250991777,141.52445621172797,173.1071192843604,2.2091596243697387,22.704094302776095
132430_1767686100,132430,53.0,85.18783480308038,65.11649828337858,69.07922432657922,78.15875913565698,14.199980681945073,9.72689839947363
122048_1767686100,122048,-35.0,98.7804283778568,92.50344239800762,93.21444985836597,99.85364043043417,-2.0635511056017335,24.470047263419374
122658_1767686100,122658,0.0,4.117278058377572,17.536327406640886,6.4722712023721,3.3838802857270036e-07,37.37470307255679,22.96361597347744
129964_1767686100,129964,162.0,122.77194641318313,-3.0787616341179067,2.832075766626028,3.2874634517764862,-6.343842549745869,24.568663910117994
133300_1767686400,133300,-26.0,202.83130582729027,88.0315318725253,236.90492322178005,268.99534105925375,0.6570755274283802,17.676491199465435
132430_1767686400,132430,30.0,64.62607592797251,63.989504335486586,58.18278329146149,66.0321540059909,12.652966810875162,9.72689839947363
130238_1767686400,130238,107.0,109.18264881214624,168.06646905244025,115.13104003468632,133.5415418238791,37.57314223869776,23.76532520972568
129964_1767686400,129964,97.0,23.117522218773335,-28.520567877264796,6.104034699417076,9.53750440022373,-27.43730288645519,24.568663910117994
122048_1767686400,122048,-43.0,72.92729268013692,122.2044291124417,72.19559073043601,75.2499983497122,35.709159079361264,24.470047263419374
130238_1767686700,130238,1.0,117.81184083991069,171.19782391780598,85.61591904812934,106.43822512814381,24.606122445551225,23.76532520972568
122048_1767686700,122048,-49.0,43.49655235461638,9.572372739132238,34.150285057172354,36.22457597555379,-0.8430281666437306,24.470047263419374
132430_1767686700,132430,53.0,50.65332111898788,73.68704328208244,58.21771488637842,59.886271826649455,30.82373164387888,9.72689839947363
129964_1767686700,129964,64.0,85.24963489951425,15.687970753268289,56.302232144815704,66.01738181235692,-26.024556506868198,24.568663910117994
122048_1767687000,122048,104.0,41.20179505405199,3.7068649637165887,15.489317556595342,16.01423454350643,0.30407837539992055,24.470047263419374
132430_1767687000,132430,42.0,-52.81725154549629,7.877119261023243,-8.918048777257432,-9.533039643118961,29.780015431031778,9.72689839947363
129964_1767687000,129964,42.0,73.67227708775766,48.88549980182902,73.55528579232694,81.28686362357676,-16.348840877694226,24.568663910117994
132430_1767687300,132430,-108.0,61.81938251724099,79.26084485928249,71.16767365051302,67.6816635835382,24.297746053626323,9.72689839947363
122048_1767687300,122048,99.0,143.2460970534362,10.122659903632522,14.383565671770565,4.706609230996248,15.344367398344513,24.470047263419374
129964_1767687300,129964,108.0,45.31017683242907,17.64425299258571,37.089128130800916,41.564936980627145,-8.37408063056346,24.568663910117994
132430_1767687600,132430,-132.0,43.222638020604876,65.24687321982768,54.23533065757128,48.33468535415647,36.16979082252669,9.72689839947363
122048_1767687600,122048,49.0,75.92933415303824,80.2074872053098,63.74664578453228,63.9654975301121,12.919593381582303,24.470047263419374
129964_1767687600,129964,8.0,13.922508005220301,-17.707931422282577,9.610009112127319,5.914549901844467,-13.59095167567717,24.568663910117994
129964_1767687900,129964,95.0,27.74004082034407,12.948294515608225,64.67963573846077,68.70267945166657,-28.600508993802134,24.568663910117994
132430_1767687900,132430,-101.0,-17.264979875861364,15.543266446532925,-18.00815598045265,-30.360145469209577,50.553767216134844,9.72689839947363
122048_1767687900,122048,80.0,65.54346205377018,99.88025839997641,76.70569759361292,73.25536858829956,16.236029875525006,24.470047263419374
122658_1767688200,122658,137.0,46.93373407555626,36.60436780367813,40.738382273995754,31.149544250548853,50.29824609255521,22.96361597347744
131672_1767688200,131672,16.0,-36.88037533426163,-22.435217337719934,-64.22702061486538,-62.614097356191564,-18.132275552057763,21.912633056545065
130238_1767688200,130238,27.0,54.833780270657066,-3.5750122590013973,54.106312176200355,41.97675451691456,-6.148183429060303,23.76532520972568
132430_1767688200,132430,194.0,-58.721197542380125,-68.3085259093066,-66.76893174066977,-78.73510503504639,36.20537093466041,9.72689839947363
122048_1767688200,122048,68.0,49.83148075048303,11.880321639373904,60.09050836903307,44.292634891778505,-7.953777854747531,24.470047263419374
134040_1767688200,134040,154.0,14.135375819543437,38.8516815791801,21.90850628050562,0.9280626814491164,50.34251006131025,14.73210727822131
122048_1767688500,122048,49.0,78.36046366205218,74.29757619605064,63.72829910013899,58.663703070178784,8.54233188375221,24.470047263419374
122658_1767688500,122658,-33.0,-29.33619138651261,30.707754540275523,28.06279087184332,17.088147110078953,64.90187228949705,22.96361597347744
134040_1767688500,134040,141.0,9.822254401702239,41.79233692756987,40.77093692276749,57.533757143712215,38.20467827230573,14.73210727822131
131672_1767688500,131672,20.0,-36.88037533426163,-110.24923253663158,-61.143335034090725,-62.614097356191564,-65.4072879786875,21.912633056545065
130238_1767688500,130238,-8.0,54.833780270657066,17.416944055289523,53.55310820385006,41.97675451691456,20.200606323087012,23.76532520972568
132430_1767688500,132430,268.0,-49.14141521626375,-28.560228828457973,-39.5072284346533,-47.83725874829975,36.91438225908222,9.72689839947363
122048_1767688800,122048,76.0,76.89351898023529,63.80735402779344,68.47010027277996,72.2499983497122,16.020555720404758,24.470047263419374
134040_1767688800,134040,128.0,95.93424787616274,25.382263927295313,55.072852804161315,62.30055091285179,13.951520512343903,14.73210727822131
132430_1767688800,132430,284.0,198.40810221544046,192.27508142354952,132.50287098561523,153.26429208649347,30.93809875794051,9.72689839947363
131672_1767688800,131672,-17.0,-36.88037533426163,-108.36489391694349,-65.67189303865885,-62.614097356191564,-65.44771567231929,21.912633056545065
122658_1767688800,122658,-34.0,69.77757264243604,164.7192827127292,67.18998703105754,77.5472721800943,81.62292455895359,22.96361597347744
130238_1767688800,130238,-92.0,54.833780270657066,30.285751432877237,46.24240511258526,41.97675451691456,21.247866318539206,23.76532520972568
131672_1767689100,131672,17.0,73.14470908057143,-37.87203596054646,20.109400421837147,20.428183183806595,-53.61430216112334,21.912633056545065
122658_1767689100,122658,-34.0,73.68133301162482,5.562721413963436,8.039403712397789,2.714062364148358,23.614705021446525,22.96361597347744
134040_1767689100,134040,26.0,87.5854075198377,43.91605442842305,75.56569746890642,95.80386143735306,20.394029280312306,14.73210727822131
122048_1767689100,122048,94.0,49.72649395775083,29.895822620921233,24.218176107908413,30.096026858457254,13.36221712385881,24.470047263419374
132430_1767689100,132430,163.0,198.40810221544046,165.48879673101283,137.61378633801058,153.26429208649347,16.233499856888226,9.72689839947363
130238_1767689100,130238,-120.0,12.21884143267193,37.31498233800991,23.22410462695596,22.21233327306813,46.950290441957016,23.76532520972568
122658_1767689400,122658,-34.0,5.772415836859047,-26.99202066644036,-1.6177444981253544,-8.996255118912753,12.558752871695427,22.96361597347744
131672_1767689400,131672,-72.0,50.058936052922,-78.69502389837052,20.98105145061782,21.40106076589005,-87.17293570303882,21.912633056545065
130238_1767689400,130238,37.0,-21.27083188049278,-10.380251981662497,-39.24152392158873,-42.78911786573152,53.11434898093028,23.76532520972568
133300_1767689400,133300,9.0,-38.48038274767843,-11.729721199904665,-17.61085037216612,-13.098271383189319,18.63061330602992,17.676491199465435
134040_1767689400,134040,94.0,93.02196014377243,7.528577699615454,47.21109851638455,61.34440241416088,6.061444861965973,14.73210727822131
132430_1767689400,132430,85.0,322.16046785916103,209.39651929690243,187.84796332043695,197.42117014422365,14.289560905789111,9.72689839947363
122048_1767689400,122048,121.0,79.79712018030705,34.07601691800053,44.03673049765035,55.49832569417331,6.048298552381091,24.470047263419374
130238_1767689700,130238,57.0,-14.727772477883477,-9.801455136282264,-22.175607712063737,-25.756913124838125,40.35824541750035,23.76532520972568
122658_1767689700,122658,-34.0,5.772415836859047,-7.397082084884666,-1.6177444981253544,-8.996255118912753,33.35492122664928,22.96361597347744
122613_1767689700,122613,49.0,13.190930248870167,4.518902788977421,2.163273117711057,9.240189795971514e-06,26.63168823918141,26.29275617773385
122048_1767689700,122048,116.0,31.404044402673993,48.217007976818664,52.746242658314486,58.851986851044785,9.741790587739803,24.470047263419374
132430_1767689700,132430,7.0,194.48173261073111,139.70392824615095,82.1607098725784,98.40071213223844,23.17995262004065,9.72689839947363
134040_1767689700,134040,46.0,95.93424787616274,23.49285927301939,47.45660712085761,61.58991101863394,16.893681472356878,14.73210727822131
133300_1767689700,133300,9.0,-38.48038274767843,-24.795010882245183,-12.403276821706573,-13.098271383189319,7.906007902189286,17.676491199465435
131672_1767689700,131672,-222.0,44.485546355768925,-48.01712877525682,21.635782366392462,56.8787757414468,-85.7663781243912,21.912633056545065
122048_1767690000,122048,73.0,29.69604076393159,67.7931760255452,60.64828515069671,69.51508770597614,20.642649320452623,24.470047263419374
134040_1767690000,134040,159.0,27.223967657039474,23.9891673901637,49.92399817030499,59.439361391990865,9.828612126647771,14.73210727822131
122658_1767690000,122658,-34.0,5.772415836859047,-2.7640566211336335,-2.2747488758332643,-8.996255118912753,38.74713766912428,22.96361597347744
129964_1767690000,129964,65.0,9.667743800764647,-16.90559760144471,-2.094645883115849,6.194975258926122e-07,-17.747769041403846,24.568663910117994
131672_1767690000,131672,-208.0,-0.6707786664069602,-72.14225434959403,12.495567114625205,17.255422220635023,-78.43022842994809,21.912633056545065
130238_1767690000,130238,40.0,-19.98727806158513,9.989703449015114,4.238830322502832,3.6981124944852652,29.31271103228615,23.76532520972568
133300_1767690000,133300,68.0,-38.48038274767843,-28.71954249730357,-17.55791555934255,-13.098271383189319,7.65599402036705,17.676491199465435
133957_1767690000,133957,-116.0,-21.444330726489312,1.662839607097558,10.793083154136674,6.523897342775491,25.565005834943214,17.34297019060519
122048_1767690300,122048,-33.0,75.92933415303824,16.111941828123946,48.6306067199358,63.9654975301121,-6.5003390609408775,24.470047263419374
129964_1767690300,129964,66.0,16.78053160468619,-8.830917115812177,10.910759288017061,22.604872341339146,-21.399526762085205,24.568663910117994
130238_1767690300,130238,49.0,43.43264606227021,82.07737538696952,61.58957410630504,71.40109616794393,48.17614148556104,23.76532520972568
133300_1767690300,133300,69.0,41.37385528298719,19.045722066476014,8.810073090619882,9.530051597769077,23.312737681518637,17.676491199465435
122658_1767690300,122658,-34.0,5.772415836859047,-9.815863667792613,-9.934065045315275,-8.996255118912753,23.099478053531726,22.96361597347744
134040_1767690300,134040,-28.0,70.75641790974097,50.84485691951313,46.677199538604164,60.32320184585449,27.742864661511447,14.73210727822131
131672_1767690300,131672,-157.0,-56.59164246539147,-122.85728662129583,-49.57098837378231,-44.660531101957005,-84.16418795025655,21.912633056545065
133957_1767690300,133957,-68.0,-15.117076395427787,-14.35215456111338,-24.287441708597754,-25.00659101040078,17.767838436398556,17.34297019060519
130238_1767690600,130238,57.0,68.58387746125035,54.40061064696178,59.15469524660014,65.41983541896145,32.16448709752051,23.76532520972568
133300_1767690600,133300,59.0,58.03979060968604,66.80288793813062,55.742340593845825,60.928359060538845,30.705472305847252,17.676491199465435
131672_1767690600,131672,-39.0,22.402309624323063,-92.24078744302062,21.387138093292293,32.05099359610858,-90.72922816518265,21.912633056545065
122658_1767690600,122658,-34.0,5.772415836859047,-21.504358244590197,-10.31042375867148,-8.996255118912753,20.344531669659283,22.96361597347744
129964_1767690600,129964,79.0,109.4297678374334,17.645074917033142,58.23044693182224,78.91736830108925,-37.819668487463005,24.568663910117994
133957_1767690600,133957,-88.0,-79.07898323235167,-52.47405353397434,-50.802258915909114,-46.11236793676383,10.545872861199955,17.34297019060519
122658_1767690900,122658,-34.0,5.772415836859047,-15.25076430833905,-10.31042375867148,-8.996255118912753,26.598125605910447,22.96361597347744
133300_1767690900,133300,62.0,45.39456022691959,47.44204976042167,37.49293128076542,39.030309054201226,32.48423104311847,17.676491199465435
133957_1767690900,133957,-111.0,-47.10140393289069,-42.29611447420377,-32.231332469127835,-32.20546865570866,4.8947343731238195,17.34297019060519
131672_1767690900,131672,-68.0,22.402309624323063,-75.4649884518866,15.502870065268752,30.050993596108583,-75.1629261365398,21.912633056545065
129964_1767690900,129964,58.0,93.39080628135945,7.048519889674253,53.45535806304521,75.2955046053335,-35.6554877642311,24.568663910117994
131672_1767691200,131672,-65.0,-57.48172575264516,-93.54318988778513,-40.00478053394266,-36.603951851543236,-80.00949980933008,21.912633056545065
129964_1767691200,129964,64.0,67.73136984869735,10.64844990481815,54.32508417344479,68.70091990165525,-32.254617016342294,24.568663910117994
133957_1767691200,133957,9.0,-34.82041628604064,-41.780156014157726,-37.80578720983478,-35.74854072071838,8.6223864899428,17.34297019060519
130238_1767691200,130238,0.0,49.708785169073565,-37.5900920744738,25.95145769546683,32.713094130970035,-20.232106437209758,23.76532520972568
133300_1767691200,133300,135.0,74.22622686364133,72.052278680806,53.081099179605026,56.51898103263342,42.343833343052935,17.676491199465435
129964_1767691500,129964,94.0,57.17492151271957,41.82941423270426,63.482196541542535,72.40116412890156,-17.237547292845328,24.568663910117994
131672_1767691500,131672,-10.0,27.797046234348652,-87.5751040722021,8.12928654814063,10.43675728843941,-76.89525651790815,21.912633056545065
130238_1767691500,130238,0.0,53.10332616299028,-8.889594281764523,32.99356920031711,39.97675451691456,-4.823579555957663,23.76532520972568
133957_1767691800,133957,48.0,36.02162340649581,-4.594204530202221,11.096007124250544,11.947506374019273,2.2593325816895544,17.34297019060519
129964_1767691800,129964,42.0,102.81920185395691,21.536750691482915,47.0151457015364,57.41430940802277,-17.70584705063366,24.568663910117994
122048_1767691800,122048,233.0,39.517596596511204,32.004200040362065,26.319946171076815,33.285683726511074,27.288732542087466,24.470047263419374
130238_1767691800,130238,0.0,53.10332616299028,16.784774861568422,32.99356920031711,39.97675451691456,12.938855287432649,23.76532520972568
130238_1767692100,130238,0.0,10.064878593586776,-4.9449417199185195,-1.700441820577139,1.5673107618172714e-06,11.165669381172137,23.76532520972568
133957_1767692100,133957,50.0,36.02162340649581,-2.8322525603348456,10.02646557063225,11.947506374019273,3.9917984276922467,17.34297019060519
129964_1767692100,129964,16.0,104.517597361128,18.96950180999029,63.70849633228289,78.00797802507572,-36.057083838861615,24.568663910117994
122048_1767692100,122048,200.0,39.517596596511204,28.118059423817073,26.166392575860122,33.285683726511074,14.78892271706626,24.470047263419374
129964_1767692400,129964,106.0,177.0902723978469,16.766261155442947,60.09216003962387,77.04193899905007,-34.9802697565836,24.568663910117994
130238_1767692400,130238,0.0,10.064878593586776,18.559001559223017,-1.8339849413320184,1.5673107618172714e-06,39.66601278478454,23.76532520972568
133957_1767692400,133957,223.0,36.02162340649581,17.672418664525544,9.520319168933376,11.947506374019273,15.38340057412565,17.34297019060519
122048_1767692400,122048,91.0,39.517596596511204,31.034687389457282,25.71580817436392,33.285683726511074,21.17896480814718,24.470047263419374
130238_1767692700,130238,0.0,10.064878593586776,0.9778271834245137,-2.0620968481912327,1.5673107618172714e-06,21.13638600267461,23.76532520972568
122048_1767692700,122048,-63.0,123.29102805556214,112.73733638704249,82.72512330084255,110.80627479858363,3.7828283432436836,24.470047263419374
133957_1767692700,133957,191.0,38.482746609051006,39.07701311374685,34.334207401086076,40.862059149202196,23.222995104987653,17.34297019060519
130238_1767693000,130238,0.0,10.064878593586776,5.135317548456518,-2.2370222878114263,1.5673107618172714e-06,21.51798891320747,23.76532520972568
122048_1767693000,122048,-67.0,76.89351898023529,44.08132982898566,62.31651738092118,72.2499983497122,-2.5371867569600193,24.470047263419374
133957_1767693000,133957,80.0,107.84323274696071,113.7102155472202,94.21219716384006,115.77600783957038,17.92023858153086,17.34297019060519
130238_1767693300,130238,0.0,10.064878593586776,12.376413959839518,-2.2370222878114263,1.5673107618172714e-06,29.746992387343493,23.76532520972568
132430_1767693300,132430,132.0,-55.014456520340815,-28.68253597599579,-29.41873440974547,-15.041993925951857,-2.0236364719705504,9.72689839947363
133957_1767693300,133957,23.0,97.35262296402749,72.35933396399336,56.02292334327184,64.96805042237204,29.726947763380057,17.34297019060519
122048_1767693300,122048,-115.0,4.704979902297701,-44.88949645737962,-24.260462114497415,-23.812127985388628,-3.600917691381035,24.470047263419374
122613_1767693600,122613,-180.0,-88.61759470813317,-82.18200012884131,-66.03247021692519,-61.6553797644269,10.943195703323983,26.29275617773385
122048_1767693600,122048,-142.0,-117.58836173417646,-68.86629852619554,-50.07944415165828,-49.50996923353706,0.4210222447487426,24.470047263419374
133300_1767693600,133300,168.0,-23.499423538301542,24.995072452987024,-5.569099769399648,-4.382208136769604,44.59182954138549,17.676491199465435
132430_1767693600,132430,132.0,-55.014456520340815,-21.65461552119129,-20.778072644415744,-15.041993925951857,10.5108088971071,9.72689839947363
133957_1767693600,133957,-24.0,130.2008838136651,92.45262573727658,49.113901148214936,57.3326757531174,45.934866078810884,17.34297019060519
122613_1767693900,122613,-108.0,-87.15915531751841,-94.72419850645008,-87.99215041231017,-74.92458154375905,29.06544117973695,26.29275617773385
122048_1767693900,122048,-110.0,-24.474930346251824,-63.38172319940047,-41.24850446930354,-41.837686863457115,-4.6619962495410325,24.470047263419374
133957_1767693900,133957,13.0,54.71017748956697,58.575192022492914,23.7731918817914,30.1296034477035,53.376671546371014,17.34297019060519
132430_1767693900,132430,33.0,-55.014456520340815,-25.996432092580818,-21.33502448744997,-15.041993925951857,9.994164403880905,9.72689839947363
133300_1767694200,133300,-63.0,-22.522294633401657,-8.172379218654015,18.753566080054526,79.40837857803137,-4.639946447447026,17.676491199465435
122613_1767694200,122613,-140.0,-89.91557420086582,-95.28012688061548,-86.40618006100678,-81.42697890525221,14.139873669885706,26.29275617773385
122048_1767694200,122048,-50.0,-48.032194877551234,-45.657132843944154,-27.789227084391598,-27.56597681791552,-4.264928104944815,24.470047263419374
132430_1767694200,132430,90.0,75.93172121082941,39.578822224529006,39.326540168076775,53.937088121493204,5.146562842658963,9.72689839947363
133957_1767694200,133957,21.0,49.801959754722134,28.477569691366337,40.28157595280935,46.08307522672775,24.754052907677526,17.34297019060519
122613_1767694500,122613,-70.0,-89.91557420086582,-84.82182490040346,-85.82436863044401,-80.84516747468945,21.09726324174927,26.29275617773385
132430_1767694500,132430,144.0,75.93172121082941,57.18195352429096,40.9854724467458,53.937088121493204,10.745578063424858,9.72689839947363
133957_1767694500,133957,-22.0,-26.77015012724813,-21.25393851707503,-4.178054443836437,-2.651712156801544,4.462970000994041,17.34297019060519
122048_1767694500,122048,-184.0,-25.31970305110366,-32.4927384066022,-27.79614050374269,-28.255084971377414,5.876320892381665,24.470047263419374
133300_1767694500,133300,-63.0,108.27265277845399,45.548797715480845,79.57598535348642,95.77895093880365,8.176863693059646,17.676491199465435
132430_1767694800,132430,233.0,33.72791450979959,38.08340899698552,29.069333650613128,32.21213983691706,13.878191883811223,9.72689839947363
133957_1767694800,133957,24.0,44.87995622335171,36.69631547117703,37.07968840422979,42.862059149202196,13.41285531633424,17.34297019060519
122048_1767694800,122048,-250.0,-60.64378084159948,-45.04912078815204,-31.533916566876968,-32.050738854926166,3.07259543342885,24.470047263419374
122613_1767694800,122613,-38.0,-110.71690446155321,-60.81653499961636,-64.72547578451366,-55.0572672810685,16.99235485578361,26.29275617773385
133300_1767694800,133300,54.0,108.27265277845399,49.20402377471456,80.70849167340857,95.77895093880365,9.724156740441208,17.676491199465435
122613_1767695100,122613,30.0,-5.931243320147011,-44.23619035095378,-51.58425662862209,-44.8009109696956,28.976827168942666,26.29275617773385
122048_1767695100,122048,-359.0,-85.60272521872545,-65.66952452777147,-51.625207881779744,-49.51606617629368,-5.379231856784026,24.470047263419374
133300_1767695100,133300,90.0,-72.47432095269798,-58.01471268286223,-60.117994362933466,-59.76811448642398,25.245022661234646,17.676491199465435
132430_1767695100,132430,116.0,46.51673036912517,88.64054702741261,58.07852135915217,62.979093632423925,23.20935166104712,9.72689839947363
133957_1767695100,133957,-17.0,19.054759793788673,7.832808210148883,0.09385681852480232,3.3544063782518414,10.320146002368682,17.34297019060519
132430_1767695400,132430,26.0,89.24038499299887,104.83288877889656,68.92982097395998,82.96579858523917,14.240783890034486,9.72689839947363
129964_1767695400,129964,-51.0,67.73136984869735,18.592429224733834,11.023462278642697,68.70091990165525,7.686189271187878,24.568663910117994
130238_1767695400,130238,-12.0,10.064878593586776,-2.367124290713668,5.5189561151645625,1.5673107618172714e-06,7.539506901651297,23.76532520972568
122613_1767695400,122613,123.0,-18.528654247367015,-16.17971144500794,-43.460843450562976,-38.99749773978033,52.38125036518839,26.29275617773385
133957_1767695400,133957,28.0,78.21295447208446,17.60074755492922,7.3414031477077355,9.663419475618783,12.850857130756358,17.34297019060519
129964_1767695700,129964,-51.0,67.73136984869735,7.217913411774475,54.067311426736644,68.70091990165525,-14.039772521127578,24.568663910117994
132430_1767695700,132430,30.0,194.48173261073111,118.14814487566345,88.15476449969583,100.40071213223844,10.592469279580648,9.72689839947363
130238_1767695700,130238,2.0,10.064878593586776,19.856163981447533,6.424577820604479,1.5673107618172714e-06,33.92208074933091,23.76532520972568
122613_1767695700,122613,61.0,20.052386926628962,36.72877871559082,2.6082195035256786,2.69115507660314,50.0117598598749,26.29275617773385
129964_1767696000,129964,-11.0,67.73136984869735,5.703903754343727,54.067311426736644,68.70091990165525,-21.1401706425484,24.568663910117994
133957_1767696000,133957,138.0,-21.12446272011931,-21.73801163940835,-9.420045292489734,-5.034482625674791,-0.8155958886665109,17.34297019060519
132430_1767696000,132430,-71.0,-47.68279845878689,-13.51895071055516,-20.284145725120766,-24.21020000851084,23.237172370248015,9.72689839947363
130238_1767696000,130238,-34.0,54.271795213475386,34.36325487035373,20.392696722894343,18.66380230913664,46.399236147950596,23.76532520972568
132430_1767696300,132430,221.0,0.06251716559818021,25.01418886661236,10.11887936912768,10.883927469168032,27.033099046268333,9.72689839947363
129964_1767696300,129964,73.0,-81.54688366245665,-74.51818469247493,-31.793604868491357,-28.206536057047742,-18.226552205928726,24.568663910117994
133957_1767696300,133957,156.0,72.3796969295444,47.61222710084536,73.04837119943704,82.17337176355602,6.842874365956252,17.34297019060519
130238_1767696300,130238,10.0,31.95379988257982,29.46225685601582,6.970434544942236,1.7971771929498566,45.492604849566895,23.76532520972568
132430_1767696600,132430,264.0,94.94051184139474,52.26904936956273,38.89746965911801,44.36324280161659,21.65900900072788,9.72689839947363
129964_1767696600,129964,111.0,-2.9006733511144986,-4.9542700187684,5.037992185228422,4.276834042470124,-2.8163836013031127,24.568663910117994
133957_1767696600,133957,185.0,72.3796969295444,45.011490119328045,73.04837119943704,82.17337176355602,-1.81162297696845,17.34297019060519
130238_1767696600,130238,46.0,54.271795213475386,26.359398493522196,20.392696722894343,18.66380230913664,41.71172390862495,23.76532520972568
129964_1767696900,129964,140.0,95.8803756953863,46.97272845512793,48.3464155168081,79.28686362357676,-20.72851496692274,24.568663910117994
122613_1767696900,122613,0.0,40.09673333468571,49.05611802761591,29.936185300234374,31.900912576154994,28.760210259959486,26.29275617773385
133957_1767696900,133957,111.0,41.580076513660565,115.55697818515767,60.3281757209637,70.66837729184607,22.16603829854116,17.34297019060519
132430_1767696900,132430,113.0,15.997421072634573,152.03272117811264,97.18633138542617,111.60187960603245,21.297685364282625,9.72689839947363
130238_1767696900,130238,29.0,-14.414116082955687,-29.770161770247306,-32.222660659039086,-37.590281124630614,36.34367446567517,23.76532520972568
132430_1767697200,132430,17.0,230.71259916243739,172.33760234669518,159.12142222326224,173.53207737619817,6.9422696550320335,9.72689839947363
133300_1767697200,133300,49.0,155.25562243235123,70.80188769905308,116.5274167286385,142.45741321013787,13.937297371526826,17.676491199465435
133957_1767697200,133957,64.0,75.5550562591842,130.48726010777736,69.1542118833457,79.49441345422807,36.733143856672704,17.34297019060519
129964_1767697200,129964,133.0,55.34700535377934,18.874242261411865,47.222932000126164,65.76464989093293,-24.102181793235946,24.568663910117994
130238_1767697200,130238,40.0,54.833780270657066,55.50892834646295,35.12271204961548,40.97675451691456,58.57756550726921,23.76532520972568
129964_1767697500,129964,75.0,96.27854753318039,5.200030169354619,68.413060785869,86.50742605586005,-15.7114860434287,24.568663910117994
133957_1767697500,133957,3.0,58.7164208040208,89.89479759478978,67.92982678657494,76.66837729184607,34.81362836103531,17.34297019060519
132430_1767697500,132430,86.0,59.56253238072577,77.91250145319817,48.876667096467045,58.41985587110439,23.821239341728695,9.72689839947363
130238_1767697500,130238,32.0,54.385260382259595,37.28945186456992,37.07024595495322,42.97675451691456,42.753429236106584,23.76532520972568
133300_1767697500,133300,77.0,-15.402367463197386,-30.87793205477487,-34.353646419813785,-32.28149965583606,28.706628367811785,17.676491199465435
133957_1767697800,133957,18.0,45.538606524431884,79.41732613201322,60.65765530227915,68.58590258546224,48.41600374780401,17.34297019060519
135081_1767697800,135081,77.0,199.5522710302257,-51.30108349978639,81.26677768012667,199.22263626511585,-35.75100524553328,22.704094302776095
132430_1767697800,132430,70.0,62.893903606981084,69.25251325321435,53.15153319986821,57.8080473926266,25.316415929513546,9.72689839947363
133300_1767697800,133300,65.0,14.667290067846178,28.974167742892305,10.39762491685586,12.501877324244814,34.841867046152686,17.676491199465435
129964_1767697800,129964,26.0,102.67568499028923,23.160810786856587,59.7942252350292,77.27515822761606,-22.735282601897307,24.568663910117994
135081_1767698100,135081,95.0,199.5522710302257,64.11819182095647,167.46804849382988,199.22263626511585,-26.77030906732368,22.704094302776095
133300_1767698100,133300,151.0,69.31658839710475,39.092208112195195,19.406893535066025,27.369586552846325,35.35380414761916,17.676491199465435
132430_1767698100,132430,49.0,-21.53578025809592,53.857699542063784,46.351404778355025,51.34759798335625,8.08639147638399,9.72689839947363
133957_1767698100,133957,-47.0,31.64423564246189,36.645233794242856,18.71903959814504,21.936113401955467,51.72744302177075,17.34297019060519
131672_1767698100,131672,27.0,-56.90545829789889,-103.08011339672822,-64.03841745290845,-43.502485734930374,-108.68514023581008,21.912633056545065
129964_1767698100,129964,10.0,49.47744987342435,26.497607771466654,51.66901508863271,67.87831592787364,-20.915601697790994,24.568663910117994
135081_1767698400,135081,135.0,199.5522710302257,124.11458371788217,167.47326851846077,199.22263626511585,-5.731363952507964,22.704094302776095
129964_1767698400,129964,14.0,24.740168422246327,-1.6755707977414822,10.137283137109966,15.515052399844102,-12.663967628419513,24.568663910117994
132430_1767698400,132430,49.0,66.0311858964497,71.69299867932246,49.074387133375744,55.67750839933166,13.044263165896865,9.72689839947363
131672_1767698400,131672,60.0,-56.90545829789889,-96.08552252548311,-61.901873207494596,-43.502485734930374,-76.25982205915133,21.912633056545065
133957_1767698400,133957,-69.0,65.71137487576945,42.274957581126905,35.894916849637646,39.43310188677836,28.07028545636162,17.34297019060519
133300_1767698400,133300,225.0,74.22622686364133,75.1618274982352,46.69026552962152,56.51898103263342,46.357097446835375,17.676491199465435
131672_1767698700,131672,82.0,-56.90545829789889,-33.16483634414886,-59.0960952982211,-43.502485734930374,-45.774631984285826,21.912633056545065
129964_1767698700,129964,0.0,-4.425770232072587,-53.9243659781702,-9.130303844945583,-4.607601773752908,-22.269662451476886,24.568663910117994
135081_1767698700,135081,126.0,77.61939986764733,43.52727805233404,52.62367669960064,61.41035980448524,-8.497180086364489,22.704094302776095
133957_1767698700,133957,-145.0,-9.293131774812835,-27.70423453412142,-10.504574003995309,-7.411925710017808,12.537861482367218,17.34297019060519
133957_1767699000,133957,-96.0,-28.319278719159257,-42.85797446360233,-39.048480939970496,-37.03494474196997,14.980232313382997,17.34297019060519
129964_1767699000,129964,80.0,38.948386994981554,-41.99345823150518,11.069406683416517,19.114045262439344,-37.30050741303548,24.568663910117994
132430_1767699000,132430,14.0,44.776814814584526,35.931195054768565,30.15277587791875,45.328011732397805,18.438836398339923,9.72689839947363
135081_1767699000,135081,28.0,83.7267550186516,167.32728575744176,127.449447954939,150.70716056285335,-15.844633587639956,22.704094302776095
122613_1767699000,122613,0.0,13.190930248870167,25.64550693362264,-2.603402446859756,9.240189795971514e-06,49.1285157260567,26.29275617773385
131672_1767699000,131672,4.0,257.53697229054046,-35.2268875581199,31.844455864138425,60.30047651185352,-71.88883802221552,21.912633056545065
132430_1767699300,132430,14.0,44.776814814584526,46.32556155762112,41.630140518210226,45.328011732397805,10.338074553234865,9.72689839947363
122613_1767699300,122613,0.0,13.190930248870167,3.787395300646572,-0.7970163237215232,9.240189795971514e-06,30.86456187439876,26.29275617773385
129964_1767699300,129964,49.0,-47.3973879178119,-70.90912415013234,-32.19590242132608,-26.31179899224739,-17.123298476592513,24.568663910117994
133957_1767699300,133957,-249.0,-50.57656402124742,-94.54489927269778,-62.63730674138719,-56.385961029793975,-0.06989020988597144,17.34297019060519
131672_1767699300,131672,40.0,72.35665067832467,-46.55033591938651,24.355264324106088,32.24117659998747,-60.57344845015971,21.912633056545065
135081_1767699300,135081,45.0,116.92875073802651,82.57570873141955,50.96369967210468,64.96717774903786,-0.07584459560917572,22.704094302776095
131672_1767699600,131672,-28.0,117.0162286224907,-100.83036174943919,46.450324506147766,73.60190621567833,-92.86846440904081,21.912633056545065
133957_1767699600,133957,-254.0,-83.44354176539568,-74.47649829876742,-66.50789649275848,-63.25913836165296,2.4580599971586117,17.34297019060519
135081_1767699600,135081,55.0,59.71239589187406,37.76501755177483,38.20105487378288,47.29657723343004,1.6011316380331095,22.704094302776095
132430_1767699600,132430,-87.0,44.776814814584526,42.306903607485935,41.632956591834926,45.328011732397805,8.53235248992528,9.72689839947363
122613_1767699600,122613,-145.0,13.190930248870167,-13.322041733075267,-2.6067008322209317,9.240189795971514e-06,9.72861311769573,26.29275617773385
135081_1767699900,135081,36.0,47.86450151650535,33.52586465824025,36.56747495050112,50.275541448458824,0.13294788313518185,22.704094302776095
129964_1767699900,129964,-53.0,55.917600044883045,15.368153784470465,44.13224884521368,53.45772592482489,-14.528452331245134,24.568663910117994
132430_1767699900,132430,-110.0,0.06251716559818021,5.557016655187681,8.510570610995376,10.883927469168032,4.816865345973868,9.72689839947363
131672_1767699900,131672,-29.0,7.95929649431109,-85.44615993014278,9.482549331196447,16.931462768576345,-89.99091935345824,21.912633056545065
133957_1767699900,133957,-158.0,-50.57656402124742,-70.0090660681064,-66.12107892845458,-63.06635963197269,6.537905440983966,17.34297019060519
122613_1767699900,122613,-230.0,13.190930248870167,-4.566440476505819,-0.902592921024011,9.240189795971514e-06,20.450091562396327,26.29275617773385
131672_1767700200,131672,-23.0,26.534895968132684,-58.07109973804117,45.0512666035295,53.8787757414468,-90.13301741249842,21.912633056545065
129964_1767700200,129964,-73.0,29.23436031762371,8.879420892877086,41.96694855791221,48.92430197378895,-13.270516892871292,24.568663910117994
133957_1767700200,133957,80.0,91.72956686703091,-65.00194742174205,-40.25952668811766,-4.546921342048506,-16.951865235176207,17.34297019060519
135081_1767700200,135081,-24.0,63.33073199666025,-16.944472547044796,24.345644622233387,33.18344978458886,-22.78375231520198,22.704094302776095
132430_1767700200,132430,-136.0,0.06251716559818021,11.087121416751984,9.185355804923441,10.883927469168032,10.756442046711236,9.72689839947363
122613_1767700200,122613,-116.0,-4.754481646308662,9.187093235509764,-2.1664487437864963,0.3924116136625777,31.4839669809275,26.29275617773385
129964_1767700500,129964,90.0,29.23436031762371,10.17328427671697,40.39194297088109,48.92430197378895,-24.190609372811217,24.568663910117994
132430_1767700500,132430,-6.0,-67.929118289347,-64.51748188348259,-53.44743893393273,-50.98345386526614,12.48732995750811,9.72689839947363
133957_1767700500,133957,42.0,-47.35382038191037,-64.93255174022771,-62.86835958048698,-54.253077785275025,1.0145380899170076,17.34297019060519
131672_1767700500,131672,-47.0,43.811951309674114,-76.1536472455212,3.612126169349711,9.215925908244962,-67.94598314299094,21.912633056545065
122613_1767700500,122613,-79.0,121.6826455506809,48.93273147822049,54.00934831937536,43.72989781563774,14.75965143690916,26.29275617773385
135081_1767700500,135081,-98.0,17.410761820937132,-43.917939711379375,0.16222016975808984,4.535883482543721,-22.430760908470205,22.704094302776095
122048_1767700800,122048,374.0,32.38893063531751,-90.85639226475868,-80.23556697033126,-75.28106449901321,-6.581226320038496,24.470047263419374
131672_1767700800,131672,-105.0,-42.013339292339126,-102.02641388711899,-42.481552404106665,-35.27847674102977,-76.00299440225228,21.912633056545065
133300_1767700800,133300,260.0,11.435727807068545,40.85530190826441,11.765864522010897,16.39509797324933,44.7181930915499,17.676491199465435
122613_1767700800,122613,-50.0,-65.16627638893918,-76.59175921947585,-54.576372610890736,-53.823729463624694,6.120830369070443,26.29275617773385
122658_1767700800,122658,143.0,58.75570831663575,35.71869770026831,37.28768723064629,48.44207123576275,24.10031543729645,22.96361597347744
122048_1767701100,122048,312.0,189.71421406828307,153.9733659962471,164.1740876870242,190.30667519469563,2.5882047593634305,24.470047263419374
122658_1767701100,122658,121.0,160.62166073953284,219.91664789040644,95.46783919251507,116.31005210295916,70.71423866353678,22.96361597347744
122613_1767701100,122613,-155.0,-88.61759470813317,-73.19832156922908,-65.61878055284534,-60.6553797644269,27.864670168483897,26.29275617773385
131672_1767701100,131672,-83.0,4.508262278124754,-62.53728551398987,-44.12499473853161,-37.21099371175613,-54.865393444522105,21.912633056545065
122613_1767701400,122613,-175.0,6.855289465950989,-54.08558368962853,-42.06413914283359,-40.2100110173348,12.833178099860268,26.29275617773385
122048_1767701400,122048,354.0,224.78277901232966,221.36554252159385,142.10236275796814,223.2103453609232,-18.14989449530785,24.470047263419374
133300_1767701400,133300,-7.0,92.934107889063,-22.825762109657546,9.73876284676362,76.7159338385053,-6.751480500208386,17.676491199465435
131672_1767701400,131672,-207.0,-6.158774509015757,-54.658403659297846,-13.439404474189146,-3.0796189438055634,-62.138544585123924,21.912633056545065
133300_1767701700,133300,-7.0,252.40439479053558,121.74745296221252,192.97800343402963,205.7303946576397,7.039971011188648,17.676491199465435
122658_1767701700,122658,0.0,64.72737874683992,-2.71979521485477,60.328957412916814,69.00081651700556,0.8745955299559882,22.96361597347744
122048_1767701700,122048,273.0,224.78277901232966,212.04271023954811,139.41096961543332,218.2103453609232,-6.403855359760896,24.470047263419374
122613_1767701700,122613,-47.0,-48.98889087911192,-60.855282867458584,-49.053960742892116,-47.302612581586374,18.47534477021315,26.29275617773385
122658_1767702000,122658,0.0,64.72737874683992,22.99221158277915,62.86698013112983,69.00081651700556,20.693426942759316,22.96361597347744
133300_1767702000,133300,132.0,252.40439479053558,135.7786958152058,198.57213087694197,205.7303946576397,9.12540984166287,17.676491199465435
122613_1767702000,122613,-61.0,-88.61759470813317,-56.720729953470766,-57.647537155296746,-59.6553797644269,14.610303109172639,26.29275617773385
122048_1767702000,122048,252.0,142.330543262945,193.6195508075572,129.24098283458596,185.1109227120234,24.088214566795237,24.470047263419374
122658_1767702300,122658,0.0,64.72737874683992,62.64905655658572,55.98198531292796,69.00081651700556,42.751507220171,22.96361597347744
122048_1767702300,122048,158.0,207.74778924102927,173.44876449528016,156.47245633647367,196.39262860081175,-34.18145020678596,24.470047263419374
122613_1767702300,122613,66.0,-75.00964878288562,-34.70796288655552,-39.16069348036999,-39.28153497412834,26.29832639502803,26.29275617773385
133300_1767702300,133300,114.0,-29.550596057506112,-8.446542331271143,-13.05509274338711,-11.138128902564842,25.131098012576427,17.676491199465435
133957_1767702600,133957,172.0,54.36531021890089,81.54566291175455,53.490155977039215,59.791052558805575,45.24548491269921,17.34297019060519
133300_1767702600,133300,47.0,74.22622686364133,64.23978820273717,53.5928835162019,56.51898103263342,32.36202300785417,17.676491199465435
132430_1767702600,132430,-64.0,74.6089255278077,86.67824995468541,55.82700533142984,57.979093632423925,22.05691940876525,9.72689839947363
122658_1767702600,122658,0.0,4.117278058377572,17.34046888402868,-11.696729428624652,3.3838802857270036e-07,34.337620533713164,22.96361597347744
122048_1767702600,122048,144.0,126.03166435904777,136.23149045487813,109.22697365442376,123.1395129070698,-23.599058345853184,24.470047263419374
135081_1767702600,135081,-131.0,-27.75788190121743,-47.84569164340525,-28.22170064852129,-22.242496277848016,-3.6421712639311585,22.704094302776095
135081_1767702900,135081,-144.0,0.7977223397660254,-52.658526610971784,-10.548371886097701,-8.36492634966459,-18.273274637935486,22.704094302776095
133300_1767702900,133300,95.0,51.16655575573181,58.299996499928646,45.1683476002881,47.293834973661276,34.60712962759264,17.676491199465435
122658_1767702900,122658,0.0,4.117278058377572,12.802040814753866,-4.487907933100146,3.3838802857270036e-07,26.148587112559042,22.96361597347744
122048_1767702900,122048,138.0,123.71049239228076,171.57681782615094,102.6602511304079,112.47368956928928,11.393884248594924,24.470047263419374
133957_1767702900,133957,97.0,97.35262296402749,56.6175937552721,59.05736548520795,65.91490731551337,13.549422634404324,17.34297019060519
132430_1767702900,132430,-181.0,46.51673036912517,59.17787476584317,60.51208748031187,60.979093632423925,8.974775089760275,9.72689839947363
134040_1767703200,134040,-35.0,12.685692656809628,10.574369767906205,-18.51603492316964,-11.513762177839489,20.806390566498624,14.73210727822131
122658_1767703200,122658,0.0,4.117278058377572,-0.08713958176848115,-4.092364089438647,3.3838802857270036e-07,13.259406716036723,22.96361597347744
131672_1767703200,131672,17.0,-36.72480998104007,-39.679698309081914,13.865178213549058,21.71671289019295,-108.45142633124368,21.912633056545065
132430_1767703200,132430,-100.0,8.307535363604387,12.816819036907232,0.8052986937213866,8.637752600454888e-07,24.672345205163086,9.72689839947363
122048_1767703200,122048,87.0,146.39292789367335,98.42961418839187,89.34815881444827,95.65507078809681,-7.546616121225479,24.470047263419374
133957_1767703200,133957,101.0,60.14197670525421,71.52498407858928,68.60311126604485,72.66837729184607,5.125652532046109,17.34297019060519
133300_1767703200,133300,322.0,157.58524734008552,77.99984803449485,53.596636978708254,55.32421685858681,46.00694395163344,17.676491199465435
135081_1767703200,135081,-171.0,-69.41814261714207,-64.74562696587479,-36.199720699256964,-34.45359061934238,-8.193013793254435,22.704094302776095
133957_1767703500,133957,161.0,71.81511773603464,117.82155017308506,76.16088092381683,79.95696767845348,12.828153523674787,17.34297019060519
132430_1767703500,132430,-75.0,-51.338149612677,-41.27740197739662,-48.276840658929174,-51.50871414671133,26.131016743968928,9.72689839947363
134040_1767703500,134040,-35.0,12.685692656809628,-20.047371627273797,-11.849827551557155,-11.513762177839489,7.661631597927731,14.73210727822131
122658_1767703500,122658,0.0,4.117278058377572,29.162623897103327,-1.0756844364539622,3.3838802857270036e-07,43.44699136285546,22.96361597347744
131672_1767703500,131672,76.0,-36.72480998104007,-67.65875528084044,12.066184632440184,21.71671289019295,-77.40950627317673,21.912633056545065
122048_1767703500,122048,84.0,138.8372194820197,103.87487740060675,103.37194472660916,108.009889056929,-5.378329470438268,24.470047263419374
135081_1767703500,135081,-72.0,-20.92590385892028,-61.72066505131902,-54.99766669211711,-50.16832170891546,6.125902605059675,22.704094302776095
132430_1767703800,132430,-58.0,-108.82759782749403,-80.12012493321878,-66.39077904487799,-67.22108925716827,12.003484199662548,9.72689839947363
122658_1767703800,122658,103.0,4.117278058377572,8.27160985239775,1.0679376207991074,3.3838802857270036e-07,25.85515400829525,22.96361597347744
135081_1767703800,135081,-16.0,-19.00130815831251,-71.02464621934118,-77.0098666487514,-72.59625112849389,14.866798029461995,22.704094302776095
131672_1767703800,131672,53.0,-36.72480998104007,-67.15443185311105,7.319336660309659,21.71671289019295,-70.30324121713588,21.912633056545065
134040_1767703800,134040,52.0,12.685692656809628,-15.352612059302242,-11.40994673481864,-11.513762177839489,14.187635690717283,14.73210727822131
133957_1767703800,133957,40.0,90.34595255312044,59.267639556161726,68.33626306855479,73.07054478661891,3.9272522073192127,17.34297019060519
133300_1767703800,133300,-25.0,59.49370444771657,43.474406478094295,85.09117241190934,82.56593481702471,7.867413520120373,17.676491199465435
122048_1767703800,122048,84.0,76.89351898023529,69.39711502353187,73.85068677914487,72.2499983497122,0.9548951481853263,24.470047263419374
131672_1767704100,131672,192.0,26.534895968132684,-25.374078823369842,52.52647400013877,53.8787757414468,-67.23912520531874,21.912633056545065
132430_1767704100,132430,-74.0,-51.338149612677,-57.48711368277341,-50.16619908210534,-51.50871414671133,15.500319247534257,9.72689839947363
133957_1767704100,133957,139.0,79.80505755080081,65.191634764225,71.30607117861187,78.13934344915177,1.1184445430772736,17.34297019060519
135081_1767704100,135081,-27.0,32.865586436385335,-31.671340349852372,-26.400891769307734,-24.879831260965503,4.440506448019557,22.704094302776095
122658_1767704100,122658,252.0,4.117278058377572,69.65262093216631,-0.37848905564256424,3.3838802857270036e-07,85.46605755871414,22.96361597347744
134040_1767704100,134040,87.0,-43.843660738032824,36.17997631807751,-16.266153258972757,-17.35525895327715,66.9985156738255,14.73210727822131
122048_1767704100,122048,0.0,53.54221346812298,8.94545989426291,18.88852252537849,67.39443318801511,-16.48461932406734,24.470047263419374
122048_1767704400,122048,0.0,53.54221346812298,50.3574789171677,71.36730245585939,67.39443318801511,-1.9230142767763803,24.470047263419374
134040_1767704400,134040,91.0,53.7901626863835,70.357243530604,56.23327521590638,53.984317679976265,36.95656995544074,14.73210727822131
135081_1767704400,135081,11.0,0.6139366540695121,2.547895695125364,8.03298402172661,7.034264119094464,2.9235602775050364,22.704094302776095
122658_1767704400,122658,289.0,4.117278058377572,70.93109100820315,-0.35722328241920365,3.3838802857270036e-07,87.93870899275937,22.96361597347744
129964_1767704400,129964,-106.0,-73.52310277986037,-71.61034930380237,-31.150998341703467,-36.779280548625714,-6.611235426321175,24.568663910117994
122048_1767704700,122048,0.0,53.54221346812298,33.20854216101649,76.46591563166345,67.39443318801511,2.069117514361242,24.470047263419374
132430_1767704700,132430,16.0,-3.0671670106797606,-25.898692741089185,-50.985060209335444,-45.25859546635765,16.87391755167105,9.72689839947363
134040_1767704700,134040,-7.0,34.71135336719356,39.03017260086131,54.613909818470866,49.98810626927225,18.494843305300183,14.73210727822131
122658_1767704700,122658,321.0,87.44792786339966,76.21283773696479,66.38842498079157,75.67017130763205,56.24624213584181,22.96361597347744
129964_1767704700,129964,-150.0,-73.52310277986037,-77.630450758914,-31.150998341703467,-36.779280548625714,-11.244687006450327,24.568663910117994
134040_1767705000,134040,47.0,93.89760149185292,57.651283682773055,57.33763627975398,56.79949578586993,29.216983371540916,14.73210727822131
122658_1767705000,122658,406.0,203.0676021657399,373.7440592272312,241.60157835456036,256.55629456656237,98.92158934465917,22.96361597347744
122048_1767705000,122048,0.0,15.009352007515396,0.30872581181287184,16.7738115907313,0.0015759072997216291,7.5812620988054675,24.470047263419374
129964_1767705000,129964,-165.0,-93.44690696987232,-69.46513787697828,-39.034606395687746,-45.87318962304535,-3.7562127182734266,24.568663910117994
132430_1767705000,132430,16.0,-3.0671670106797606,-43.33723942069598,-44.410421248619144,-45.25859546635765,14.309542990599759,9.72689839947363
132430_1767705300,132430,17.0,-3.0671670106797606,-33.52077225549732,-44.177773646046944,-45.25859546635765,10.51697809353761,9.72689839947363
122048_1767705300,122048,0.0,15.009352007515396,2.499510606055143,16.793163364752868,0.0015759072997216291,10.254044306042298,24.470047263419374
129964_1767705300,129964,-95.0,-96.42800741298478,-91.37114108022357,-74.09776243560393,-83.4920559810871,6.788176763392364,24.568663910117994
134040_1767705300,134040,84.0,63.98286033339157,21.884499181717146,2.8322214543235553,0.036167230128597794,37.17911567818099,14.73210727822131
132430_1767705600,132430,77.0,59.69203698497343,13.027116026776651,13.5658481753986,12.864593810950561,10.413506129187311,9.72689839947363
133957_1767705600,133957,113.0,77.92552234904335,33.74400435457741,58.41811093519563,63.46951899003841,20.740209555431754,17.34297019060519
129964_1767705600,129964,11.0,-100.26587266500073,-82.36390119131039,-58.98991713194529,-59.26725429636326,-6.163070965641106,24.568663910117994
122658_1767705600,122658,0.0,283.48482077542485,139.62263047001096,254.14221271415624,284.9058166982876,19.405363893995034,22.96361597347744
122048_1767705600,122048,0.0,15.009352007515396,6.103358007968687,16.419246262883522,0.0015759072997216291,11.590652519963918,24.470047263419374
134040_1767705600,134040,113.0,-1.4169209378651075,11.601436601513717,30.717304115314864,26.112836305023567,-2.9469070300547284,14.73210727822131
122613_1767705900,122613,0.0,73.27726276121359,99.50806478960544,65.74571863177732,63.71703145542301,40.70125683197784,26.29275617773385
133957_1767705900,133957,123.0,77.92552234904335,22.40406081416893,59.18636659415857,63.46951899003841,7.344388405621757,17.34297019060519
132430_1767705900,132430,57.0,59.69203698497343,18.069781595158698,13.753194176144405,12.864593810950561,15.865643636742423,9.72689839947363
129964_1767705900,129964,-32.0,-138.47176392703548,-92.20096442892282,-58.112868673223744,-64.79808583395351,-9.175290172563603,24.568663910117994
122658_1767705900,122658,0.0,283.48482077542485,145.3309770855709,248.91595668543533,277.9058166982876,22.805864922296415,22.96361597347744
134040_1767705900,134040,37.0,62.18541239673559,47.88473063466846,64.03428445780438,59.39416618801322,4.524540952694935,14.73210727822131
122048_1767705900,122048,0.0,15.009352007515396,-20.765763218880544,7.366464336142414,0.0015759072997216291,-14.188384874258162,24.470047263419374
135081_1767705900,135081,79.0,52.73730397951394,-19.829265126602344,10.787365695196206,10.52166306506517,-19.68914342646876,22.704094302776095
122048_1767706200,122048,0.0,15.009352007515396,-15.346583487005663,2.6404722937050478,0.0015759072997216291,-5.51904611879643,24.470047263419374
131672_1767706200,131672,37.0,46.50821094563323,-40.12413075823221,17.924684981789262,13.557853616240479,-52.11164352568805,21.912633056545065
129964_1767706200,129964,-50.0,2.174195433487874,-35.65354885739848,9.007766778205337,1.7699228993412852,-8.413383366828931,24.568663910117994
132430_1767706200,132430,196.0,24.967951170411713,36.15926458301773,24.778481932440272,27.00048064670108,17.496020178490213,9.72689839947363
134040_1767706200,134040,123.0,58.38074311254724,26.978159995360784,68.43832732851013,62.52816183769558,-4.957418765739145,14.73210727822131
134040_1767706500,134040,172.0,34.71135336719356,37.14324261637863,52.997087328930895,49.82615809954794,4.543296511787843,14.73210727822131
132430_1767706500,132430,103.0,99.87636851180574,82.47233876800352,61.23164649377695,61.86348354909604,26.09209732882643,9.72689839947363
131672_1767706500,131672,131.0,88.33948349294383,-35.71039462130679,62.19526834735636,62.45718805209292,-72.5310094623202,21.912633056545065
122048_1767706500,122048,0.0,15.009352007515396,-7.459204811957629,2.6404722937050478,0.0015759072997216291,-2.0004291805546486,24.470047263419374
129964_1767706500,129964,-51.0,16.78053160468619,-15.443626788639271,26.268783398295152,22.604872341339146,-17.518731454353947,24.568663910117994
129964_1767706800,129964,-34.0,-11.246790676150312,-71.66765678271855,-33.3428201072619,-34.18032562973792,-5.9209138858751835,24.568663910117994
134040_1767706800,134040,317.0,83.7010679857745,57.60729117791152,47.115775292454074,43.25796410464379,30.268792493504453,14.73210727822131
122048_1767706800,122048,0.0,15.009352007515396,12.054864525514525,3.051951317590497,0.0015759072997216291,22.545071143302042,24.470047263419374
132430_1767706800,132430,53.0,74.98364410647068,78.74911395928794,50.851743110961735,51.305676371357194,16.38844693091405,9.72689839947363
134040_1767707100,134040,231.0,51.28630462194424,54.75625437265265,63.11743960705069,59.52816183769558,15.424172517378476,14.73210727822131
129964_1767707100,129964,25.0,-138.47176392703548,-86.3020243737928,-58.753034000459834,-63.26725429636326,-5.237572470280213,24.568663910117994
122048_1767707100,122048,0.0,15.009352007515396,-1.875238077827876,3.0538633405537663,0.0015759072997216291,6.740963652110655,24.470047263419374
132430_1767707100,132430,78.0,63.07214371241936,97.94585408267028,67.69023235644977,64.0321540059909,12.959971047535543,9.72689839947363
122048_1767707400,122048,0.0,15.009352007515396,-6.434043845499235,2.823429404816916,0.0015759072997216291,4.18563128356865,24.470047263419374
134040_1767707400,134040,234.0,72.46219457279773,90.00361756471372,121.43104757345618,123.7759204511173,11.226721036016999,14.73210727822131
129964_1767707400,129964,-62.0,-55.9766242694747,-63.12291115494517,-27.553034973342662,-32.04323371235431,-7.340013278606461,24.568663910117994
132430_1767707400,132430,39.0,9.431472761095787,36.603348982905565,26.536849708434325,28.0993197674238,23.711631658816003,9.72689839947363
122048_1767707700,122048,0.0,15.009352007515396,-9.036290184373756,0.7312008269753606,0.0015759072997216291,3.163258902009607,24.470047263419374
134040_1767707700,134040,200.0,29.793607361900165,128.53602441292895,185.23736641895766,190.43041182192775,4.849134044532819,14.73210727822131
132430_1767707700,132430,58.0,61.81938251724099,81.96649486819253,65.64992073104182,67.6816635835382,27.26959345372833,9.72689839947363
129964_1767707700,129964,5.0,22.55304776493594,-20.260338977818016,19.122587855958862,16.5150523998441,-21.50754360344243,24.568663910117994
133957_1767708000,133957,253.0,177.3582984922425,158.4782644719317,127.1771759025401,147.22339875859973,25.729529990725307,17.34297019060519
132430_1767708000,132430,192.0,71.87581813237497,101.60441090023738,58.7779196882026,60.057093969223686,23.728659726570235,9.72689839947363
129964_1767708000,129964,-6.0,-11.443264128671444,-44.10039607614313,-4.782452749715183,-6.648255422488521,-10.352957654003298,24.568663910117994
122613_1767708000,122613,0.0,13.190930248870167,30.52664706813355,1.5876373643464228,9.240189795971514e-06,54.59318490112056,26.29275617773385
135081_1767708000,135081,19.0,149.24011257720642,218.68827536293438,195.18880803033431,207.22263626511585,-9.540075072562088,22.704094302776095
133957_1767708300,133957,180.0,214.7326263455825,116.337236819509,137.182929380124,159.07709177771875,14.216165975958248,17.34297019060519
122613_1767708300,122613,0.0,13.190930248870167,7.170771547734063,1.2914353268572416,9.240189795971514e-06,34.72915229158443,26.29275617773385
132430_1767708300,132430,68.0,42.68848186365544,52.356775456417665,36.04058553567853,40.053872862383415,23.796224403226233,9.72689839947363
135081_1767708300,135081,-36.0,153.83093957572373,34.51099435413073,93.25024425469853,97.52141442482689,-24.38491418267487,22.704094302776095
129964_1767708600,129964,-114.0,-11.443264128671444,-32.96829112574821,-5.602353647037816,-6.648255422488521,-6.436348490047096,24.568663910117994
122613_1767708600,122613,-77.0,13.190930248870167,-10.59775306164672,0.8325222844971748,9.240189795971514e-06,12.934115959222453,26.29275617773385
135081_1767708600,135081,-19.0,50.30922999232917,25.873807074623453,36.82109302745123,36.18344978458886,-0.8801054614274976,22.704094302776095
131672_1767708600,131672,60.0,50.07491403458157,-77.95114783913641,44.028876055984824,51.42227160750575,-116.78713112133526,21.912633056545065
132430_1767708600,132430,-7.0,79.71948491925684,72.48906364883972,65.64110422149747,66.81223180679571,9.73041752286978,9.72689839947363
133957_1767708600,133957,238.0,75.87497733641459,142.16794365914953,91.20828930138538,110.6288692213397,10.348664259436909,17.34297019060519
131672_1767708900,131672,90.0,50.07491403458157,-66.10477880610307,49.56252778263021,51.42227160750575,-89.75498950198904,21.912633056545065
132430_1767708900,132430,115.0,56.65772827505487,78.39933232948745,55.50463824834877,55.13766527830616,23.979645703188396,9.72689839947363
122613_1767708900,122613,0.0,13.190930248870167,-7.401520409079926,1.4628726060206407,9.240189795971514e-06,17.32467132690797,26.29275617773385
135081_1767708900,135081,-17.0,81.24187471619673,9.162239455867086,0.5985933121587956,0.19125336537954363,10.365089323349462,22.704094302776095
129964_1767708900,129964,-106.0,-23.663792783692102,-19.633200484615216,5.200861903233509,4.127635598481184,-7.301712769558767,24.568663910117994
133957_1767708900,133957,170.0,75.87497733641459,157.11206530052988,99.59116648366891,113.7570503606297,11.02481168967859,17.34297019060519
132430_1767709200,132430,98.0,24.967951170411713,39.1069749739345,24.384932887207313,27.00048064670108,26.052188343017402,9.72689839947363
122613_1767709200,122613,0.0,13.190930248870167,4.593005173802526,1.4148646098193045,9.240189795971514e-06,32.6558888732274,26.29275617773385
135081_1767709200,135081,-17.0,41.48961474089262,-49.50789362834074,-34.50296216468253,-28.51165391169728,-5.322849975005116,22.704094302776095
133957_1767709200,133957,81.0,143.69649346341953,73.80433835400632,93.06136304826875,107.70241396048448,-3.3962389208857884,17.34297019060519
131672_1767709200,131672,91.0,50.07491403458157,-49.244494281486965,49.56252778263021,51.42227160750575,-83.33268993315946,21.912633056545065
129964_1767709200,129964,-77.0,-23.663792783692102,-16.103220463192727,4.794527095228926,4.127635598481184,-7.743538616676544,24.568663910117994
131672_1767709500,131672,115.0,88.80671142177471,-3.5636003794797944,63.931163659451656,65.2318855677289,-78.2032331132583,21.912633056545065
132430_1767709500,132430,158.0,66.85652640062224,80.13454838048983,51.49998517042316,52.67750839933166,12.893583434510878,9.72689839947363
122613_1767709500,122613,0.0,13.190930248870167,-7.307493223825665,1.061700164822767,9.240189795971514e-06,16.799498697049884,26.29275617773385
135081_1767709500,135081,-102.0,-39.97618995592461,-50.2233519572186,-33.66950968483505,-27.591954721862948,-1.4177534892556598,22.704094302776095
129964_1767709500,129964,-93.0,-96.28288318758345,-114.19778148167961,-67.23569869297496,-68.18303546398622,-7.327217612660737,24.568663910117994
122613_1767709800,122613,0.0,13.190930248870167,-15.679680072859156,0.9668903526787963,9.240189795971514e-06,5.876308072404999,26.29275617773385
135081_1767709800,135081,-84.0,43.64794921095686,-9.175129497086333,4.048437606229978,4.321484193033964,7.6981453553943275,22.704094302776095
134040_1767709800,134040,79.0,62.18541239673559,51.04776076548849,59.53977446359718,57.70419944963943,9.892819615430453,14.73210727822131
132430_1767709800,132430,137.0,71.87581813237497,87.85549114881398,58.412566506519056,60.057093969223686,14.339929215909725,9.72689839947363
129964_1767709800,129964,-69.0,-57.96944115790701,-57.91489456776745,-33.03722166179985,-33.909821157144194,-1.6125517940104557,24.568663910117994
122613_1767710100,122613,0.0,13.190930248870167,4.819984676903124,-5.601289169968662,9.240189795971514e-06,33.836444118018335,26.29275617773385
129964_1767710100,129964,-42.0,88.9162734291839,-60.9662272969847,-31.420911273716342,-32.477764864072924,-7.941431674332511,24.568663910117994
135081_1767710100,135081,-126.0,-4.638487348552438,-31.304523094879304,-12.67909459675128,-9.074997927614302,0.7434908998596866,22.704094302776095
134040_1767710100,134040,4.0,39.19030502944556,16.726231653139642,32.2304384092543,29.998058866564264,6.960451331511796,14.73210727822131
122613_1767710400,122613,0.0,13.190930248870167,-11.184066747004234,0.9772576475930578,9.240189795971514e-06,12.582157257484774,26.29275617773385
132430_1767710400,132430,23.0,125.86276858067136,3.5202623632141297,26.686206265199502,58.937088121493204,7.304926506844409,9.72689839947363
134040_1767710400,134040,68.0,77.65146738504642,70.21656496315825,58.3243588828694,55.83891692746254,41.10053151832025,14.73210727822131
129964_1767710400,129964,-145.0,88.9162734291839,-72.99525592168973,-25.484533239878175,-29.34476173446042,-24.70017075932062,24.568663910117994
135081_1767710400,135081,-128.0,-27.75788190121743,-39.482236207980726,-26.302139557240945,-22.237084726076215,0.2019502851174142,22.704094302776095
135081_1767710700,135081,-145.0,-39.97618995592461,-55.33257752745713,-33.88951460244528,-25.76844866892455,-9.40122975505698,22.704094302776095
122613_1767710700,122613,0.0,13.190930248870167,-6.601849210421128,0.9772576475930578,9.240189795971514e-06,18.581825954935706,26.29275617773385
134040_1767710700,134040,87.0,77.65146738504642,60.865608226282774,57.3243588828694,54.83891692746254,32.261838450008185,14.73210727822131
132430_1767710700,132430,23.0,125.86276858067136,56.34121294687402,57.258442785830255,58.937088121493204,10.784791953942163,9.72689839947363
129964_1767710700,129964,-127.0,48.42449767974384,-83.94018456891584,-30.282592666913374,-30.206536057047742,-23.273460188821346,24.568663910117994
134040_1767711000,134040,187.0,34.71135336719356,41.17470247324967,51.52895576431042,49.98810626927225,12.650200528102726,14.73210727822131
129964_1767711000,129964,-207.0,-40.323916510622,-80.46666118098213,-51.03996668298548,-53.45988633988972,-4.638835007038528,24.568663910117994
132430_1767711000,132430,47.0,125.86276858067136,42.82278129021937,57.274026190380596,58.937088121493204,9.54837619368915,9.72689839947363
122613_1767711000,122613,0.0,13.190930248870167,-5.581029420367767,0.48256040814542367,9.240189795971514e-06,18.95121087943714,26.29275617773385
135081_1767711000,135081,-175.0,-69.41814261714207,-70.84192972860885,-36.87537391188465,-33.45359061934238,-11.797592411454394,22.704094302776095
134040_1767711300,134040,267.0,53.7901626863835,29.232407762970922,56.99838296414258,53.984317679976265,-9.748352374370295,14.73210727822131
129964_1767711300,129964,-66.0,-111.7133778149421,-100.80514150897136,-66.59916203102033,-70.04767567197572,-7.779349391449971,24.568663910117994
122613_1767711300,122613,0.0,13.190930248870167,2.2056893737123104,0.9772576475930578,9.240189795971514e-06,28.67179113827908,26.29275617773385
132430_1767711300,132430,33.0,-9.186760609070191,-18.731134896485997,-12.34291001970201,-10.017031577239806,3.971776894356398,9.72689839947363
135081_1767711300,135081,-168.0,-108.58287947938084,-75.9946033506922,-51.3088461190506,-41.52470935692622,-10.87216605557892,22.704094302776095
135081_1767711600,135081,11.0,-103.46955540172593,-64.49020573888555,-64.81657922460717,-57.2702917864769,4.812647078020481,22.704094302776095
131672_1767711600,131672,-47.0,-42.013339292339126,-78.727532679217,-37.035771393123404,-36.27847674102977,-63.434000245168676,21.912633056545065
133957_1767711600,133957,26.0,86.82301018974051,171.43439635169761,97.33122935293325,94.07548422566362,57.465756956421025,17.34297019060519
132430_1767711600,132430,171.0,-9.186760609070191,-14.160259213118849,-21.664521152373844,-10.017031577239806,15.826708038434086,9.72689839947363
134040_1767711600,134040,199.0,122.83066065808781,34.01762634645982,85.68860817966267,86.2657884273792,-12.721734372953218,14.73210727822131
133957_1767711900,133957,17.0,147.00141559502453,130.68773532281048,73.02349409900204,72.00192456809978,47.11649758813257,17.34297019060519
134040_1767711900,134040,181.0,176.24819421502482,121.96684996986949,123.4033575382268,127.89512216593549,0.7031875428589868,14.73210727822131
131672_1767711900,131672,-52.0,-25.93446454320545,-76.07948464010553,-6.711273337038808,-6.801319732604483,-75.86431963763093,21.912633056545065
132430_1767711900,132430,384.0,-18.13959492829433,65.45337697777646,47.756994214952115,52.34759798335625,26.02403144053071,9.72689839947363
135081_1767711900,135081,-12.0,-127.8909681089965,-69.2049746266831,-70.85260911636178,-69.4710793035436,18.699968527219525,22.704094302776095
132430_1767712200,132430,291.0,75.93172121082941,107.31523870801632,51.7953574898942,53.937088121493204,26.309776002292608,9.72689839947363
135081_1767712200,135081,-28.0,36.694793367631604,15.84304439563972,20.227785246114905,19.447145479500314,8.443064430610795,22.704094302776095
133300_1767712200,133300,-35.0,-26.486364917440312,-8.45638416378275,-18.55695123089163,-12.304386856263436,21.895682655671585,17.676491199465435
134040_1767712200,134040,202.0,72.46219457279773,141.06216225784095,118.38036647027164,122.7759204511173,29.76138576697856,14.73210727822131
133957_1767712200,133957,28.0,43.731795861036545,60.275869024265994,45.47880156830148,48.00219827523168,52.387060047301794,17.34297019060519
133957_1767712500,133957,-36.0,73.7089613907963,57.919283753395945,56.861061024968905,59.34376369825782,26.24166700383214,17.34297019060519
135081_1767712500,135081,59.0,19.058352852520493,-30.08199615861312,-11.958026139513695,-12.38645197773506,-0.5631970135159137,22.704094302776095
133300_1767712500,133300,-35.0,-26.486364917440312,-20.136285154497294,-10.641186430303973,-12.304386856263436,12.94444700327679,17.676491199465435
132430_1767712500,132430,226.0,161.51976799628744,166.56151243210172,141.09993244030773,148.90648253026848,13.735958979196514,9.72689839947363
134040_1767712500,134040,199.0,188.92454849564956,110.87314674694221,79.00450850372431,103.10478275631054,20.835395223903916,14.73210727822131
130238_1767712500,130238,10.0,33.9087900761095,-34.51169234558977,-6.095044335176148,-4.75427154514075,-6.034871057013884,23.76532520972568
134040_1767712800,134040,183.0,122.83066065808781,55.227566308557584,83.52565962170004,84.86578848102339,7.898845676021309,14.73210727822131
130238_1767712800,130238,-40.0,33.9087900761095,-36.61809437417858,-4.451478012819649,-4.75427154514075,-8.365791894413029,23.76532520972568
132430_1767712800,132430,258.0,231.54041628888638,241.76997363419633,181.11140043868392,194.42117014422365,13.410556984111821,9.72689839947363
133300_1767712800,133300,36.0,-26.486364917440312,-19.965669414818652,-11.308822721829026,-12.304386856263436,13.638286152381257,17.676491199465435
133957_1767712800,133957,-93.0,40.41869876814884,6.644868764494646,23.916153598237205,26.20172091198591,15.62918113334003,17.34297019060519
134040_1767713100,134040,91.0,195.3271077206673,115.21449321819424,156.72106659494509,163.22711221951403,18.01187427476611,14.73210727822131
130238_1767713100,130238,-124.0,33.9087900761095,-19.13610306262175,-3.518359322155092,-4.75427154514075,10.245447744535916,23.76532520972568
132430_1767713100,132430,199.0,15.997421072634573,181.45490630455436,101.93035187479637,111.60187960603245,23.151683189003077,9.72689839947363
133300_1767713100,133300,-9.0,-31.667593309301807,-13.128157019155733,-16.025386432868984,-17.02656886796036,28.820948764435112,17.676491199465435
133957_1767713100,133957,74.0,63.98614099140793,11.561874299539163,3.0643201715270116,4.285961954494827,13.678044051523159,17.34297019060519
122658_1767713100,122658,27.0,4.117278058377572,-20.03174954543376,-5.614536401050323,3.3838802857270036e-07,-4.651156533692356,22.96361597347744
122613_1767713400,122613,0.0,13.190930248870167,17.439669294137577,1.2456382716589223,9.240189795971514e-06,49.021004481302086,26.29275617773385
122658_1767713400,122658,86.0,4.117278058377572,8.975438612173663,0.036204270924762784,3.3838802857270036e-07,22.594198243076764,22.96361597347744
131672_1767713400,131672,12.0,-48.64278287910413,-90.73164795389468,-41.92631097627107,-44.502485734930374,-119.92745052798487,21.912633056545065
130238_1767713400,130238,-99.0,65.81860312686389,3.87183959021179,12.725320424757,18.920332104017326,17.028014156224273,23.76532520972568
133957_1767713400,133957,75.0,-73.73038057721851,-58.42410475172305,-53.78139107521422,-52.423233324980146,14.024163071325795,17.34297019060519
122048_1767713400,122048,0.0,43.68965726890211,-19.689503674652585,15.19827922005274,34.22457597555379,-21.237946517129767,24.470047263419374
129964_1767713400,129964,-129.0,219.92090025668566,118.14323206073695,201.23290451504823,207.90512992348732,-22.1653261633061,24.568663910117994
122613_1767713700,122613,0.0,13.190930248870167,28.074910491157944,1.2456382716589223,9.240189795971514e-06,59.00312069292086,26.29275617773385
131672_1767713700,131672,86.0,-48.64278287910413,-94.99660569480207,-38.22348700454323,-44.502485734930374,-92.82974609352283,21.912633056545065
129964_1767713700,129964,-33.0,-96.3184316810457,-80.56993179814909,-46.3336994800858,-47.87318962304535,-11.893582306444543,24.568663910117994
133957_1767713700,133957,-11.0,19.824393824301566,-8.73804638130628,5.214260531271858,7.12051409970104,-1.4958427191461259,17.34297019060519
122658_1767713700,122658,159.0,4.117278058377572,29.702341920170156,-0.1515216514878633,3.3838802857270036e-07,47.91670639228464,22.96361597347744
122048_1767713700,122048,0.0,49.46364761998083,0.2740740135147135,42.83393913645751,43.292634891778505,-19.02407023707036,24.470047263419374
130238_1767713700,130238,-47.0,-47.15160819480738,-47.52955991857395,-48.09447839927043,-50.90208685157869,39.936162506230914,23.76532520972568
122613_1767714000,122613,0.0,13.190930248870167,11.924864283593841,-5.3319796933654215,9.240189795971514e-06,45.00923138276102,26.29275617773385
131672_1767714000,131672,67.0,-48.64278287910413,-87.81254467065429,-38.20350726687228,-44.502485734930374,-87.13153026054478,21.912633056545065
122048_1767714000,122048,0.0,43.49655235461638,-8.094845690133958,34.81322422472949,35.22457597555379,-16.84863074427791,24.470047263419374
130238_1767714000,130238,-41.0,-15.09008665976664,-41.759786931166424,-43.69711680118229,-45.45763252868404,27.741601437196522,23.76532520972568
122658_1767714000,122658,225.0,70.0241586455751,113.59770433196128,68.52940556385569,72.62638800837324,62.99179957048534,22.96361597347744
129964_1767714000,129964,25.0,-15.894438473984252,-73.09779601542095,-51.941657415344864,-54.26725429636326,-2.979875910066848,24.568663910117994
122613_1767714300,122613,0.0,13.190930248870167,-4.513738060916851,1.1747407172963025,9.240189795971514e-06,21.62550543367214,26.29275617773385
130238_1767714300,130238,-45.0,-91.29518793284223,-63.38446458913589,-54.649900791180244,-54.99994952160104,33.25248627696041,23.76532520972568
129964_1767714300,129964,8.0,57.890568304873746,-1.9207961285312152,4.43287922867605,11.812330552942434,-13.989263473937452,24.568663910117994
122048_1767714300,122048,0.0,15.009352007515396,-5.608180541437363,0.6849768127232889,0.0015759072997216291,0.49199081467850336,24.470047263419374
131672_1767714300,131672,70.0,257.53697229054046,-19.04813313933775,58.26112033375562,60.30047651185352,-81.05617925561386,21.912633056545065
122658_1767714300,122658,348.0,71.74212662143391,45.6446355924093,67.25855266375991,71.77177132791672,28.519364654502596,22.96361597347744
122048_1767714600,122048,0.0,15.009352007515396,2.159901894781978,0.7985374926596449,0.0015759072997216291,8.779280970887426,24.470047263419374
129964_1767714600,129964,-49.0,16.78053160468619,-9.686418949056169,21.872617057882856,22.604872341339146,-17.829890304400774,24.568663910117994
122613_1767714600,122613,0.0,13.190930248870167,-8.01874059351189,-2.938247412339334,9.240189795971514e-06,17.149884441992874,26.29275617773385
130238_1767714600,130238,-30.0,-21.37605762057592,-16.336701047897904,-12.344305135500917,-10.74647934608355,21.127167455327957,23.76532520972568
122658_1767714600,122658,362.0,87.44792786339966,183.77369390102731,66.02879026119007,74.5472721800943,93.2724492831018,22.96361597347744
131672_1767714600,131672,13.0,46.841546639284225,-51.04403373590796,38.26090832734604,40.82552773304525,-82.36228284774576,21.912633056545065
122613_1767714900,122613,0.0,13.190930248870167,9.914030907472343,-4.025385643366327,9.240189795971514e-06,39.00362088580152,26.29275617773385
130238_1767714900,130238,-78.0,-44.3124421614864,-2.731139558842647,3.079495998227422,4.140756118468786,10.596959863870037,23.76532520972568
122658_1767714900,122658,2.0,69.77757264243604,93.43155883243877,18.561956393565623,78.5472721800943,45.13314224510781,22.96361597347744
129964_1767714900,129964,-82.0,58.8952666268849,21.477509504187644,67.77510914041848,70.76838350801903,-20.341853035489613,24.568663910117994
122048_1767714900,122048,0.0,15.009352007515396,-22.871477488375568,-0.834517434813014,0.0015759072997216291,-14.255747944229098,24.470047263419374
131672_1767714900,131672,-150.0,257.53697229054046,-67.57451509873462,37.549827483996275,60.30047651185352,-118.72977378388521,21.912633056545065
122048_1767715200,122048,0.0,15.009352007515396,-35.22905454022757,-0.8351044530066087,0.0015759072997216291,-28.665281810304226,24.470047263419374
122658_1767715200,122658,0.0,319.3837491771969,207.00941531407702,242.7511272699545,256.39761049243725,10.101981885167286,22.96361597347744
132430_1767715200,132430,485.0,248.87417004201365,251.99259224812005,157.01423102453128,171.3292427841643,24.829198005981738,9.72689839947363
122613_1767715200,122613,0.0,13.190930248870167,-2.6295545220620573,-12.075249836916724,9.240189795971514e-06,27.372197061480165,26.29275617773385
133300_1767715200,133300,22.0,81.9374391933786,37.30344451791759,58.775951375075024,60.700618993127534,6.551546446728559,17.676491199465435
129964_1767715200,129964,-134.0,20.83112649769325,-27.505783989217967,12.678589535972002,17.834955598950856,-26.589783718472937,24.568663910117994
130238_1767715200,130238,-97.0,-46.21333757338506,-42.87253004608819,-41.1235414606277,-39.754640210885526,21.75634675005346,23.76532520972568
122658_1767715500,122658,0.0,319.3837491771969,185.15135814623528,244.14125812114582,256.39761049243725,45.12711837612233,22.96361597347744
132430_1767715500,132430,483.0,237.3640459678401,277.9578864629791,166.32302814410633,182.82188155612369,24.44687637924032,9.72689839947363
122048_1767715500,122048,0.0,15.009352007515396,-20.399636496303117,-0.885560514434141,0.0015759072997216291,-10.122889197961774,24.470047263419374
129964_1767715500,129964,-115.0,-55.9766242694747,-67.4053280912443,-29.166028049174407,-30.043233712354308,-13.67488707912237,24.568663910117994
122613_1767715500,122613,0.0,13.190930248870167,-14.46676394923105,-1.2322716490367587,9.240189795971514e-06,9.432784423928775,26.29275617773385
133300_1767715500,133300,-24.0,-29.550596057506112,-12.057675509460665,-12.558383124201015,-11.138128902564842,21.362533751392597,17.676491199465435
122613_1767715800,122613,-18.0,13.190930248870167,-4.9702757345121285,-1.294933774207091,9.240189795971514e-06,20.123595353766422,26.29275617773385
133300_1767715800,133300,-87.0,9.202774139922248,12.604865741148654,-4.172988683498318,-2.9822684567466506,28.054398476254523,17.676491199465435
122048_1767715800,122048,0.0,15.009352007515396,-6.802207541078231,-0.955228383875325,0.0015759072997216291,-0.894221979543144,24.470047263419374
122658_1767715800,122658,0.0,11.16031170185952,16.369131714395017,-0.23782635017034348,1.1423703287631475,38.41254071141351,22.96361597347744
129964_1767715800,129964,-2.0,-111.65433682182507,-109.20360836967455,-76.26590023940584,-76.04767567197572,-12.763411378879363,24.568663910117994
133300_1767716100,133300,-38.0,-130.220182724237,-59.74535345920076,-67.7965896975678,-66.29841657296427,29.833157213525773,17.676491199465435
122613_1767716100,122613,11.0,13.190930248870167,11.426531930116909,-1.7350092468778684,9.240189795971514e-06,41.530483469686196,26.29275617773385
129964_1767716100,129964,-46.0,-80.25513845429575,-128.82837352612162,-88.71184795649039,-88.4920559810871,-15.562738112933202,24.568663910117994
122048_1767716100,122048,0.0,15.009352007515396,-4.39103866930938,-0.9140412859128362,0.0015759072997216291,9.82303133282207,24.470047263419374
122658_1767716100,122658,0.0,4.117278058377572,20.066956857748337,-0.9531179108929237,3.3838802857270036e-07,35.55889122147748,22.96361597347744
133300_1767716400,133300,207.0,-47.82710701060496,-18.06190401136208,-39.539535032822855,-38.98476019254351,40.774358790608666,17.676491199465435
122048_1767716400,122048,0.0,15.009352007515396,8.931100853010864,0.5350660914127412,0.0015759072997216291,24.11160900246135,24.470047263419374
129964_1767716400,129964,-13.0,-1.889861747452258,-60.0541296327791,-1.0149095941571744,-0.5509157233457493,-30.15011796678887,24.568663910117994
133957_1767716400,133957,115.0,54.36531021890089,55.90994770189772,55.61853530803333,60.754402969271624,17.31281813709228,17.34297019060519
122613_1767716400,122613,-88.0,-22.504889637411395,-10.33718944429885,-9.545279156226911,-7.653095576673248,27.571990316202495,26.29275617773385
130238_1767716400,130238,98.0,-15.09008665976664,-90.92912832632507,-44.74190607244451,-44.45763252868404,-38.686422616424025,23.76532520972568
122658_1767716400,122658,0.0,4.117278058377572,18.054750191835446,-0.0022642526504461826,3.3838802857270036e-07,33.2260657901763,22.96361597347744
122613_1767716700,122613,-27.0,59.59817997995829,75.60121919343098,71.69172852389705,68.19788005383755,26.946273862313756,26.29275617773385
133957_1767716700,133957,104.0,54.36531021890089,36.50269977091233,55.019423924759806,60.754402969271624,5.4920714932626975,17.34297019060519
130238_1767716700,130238,9.0,-15.09008665976664,-68.29400654818872,-44.74190607244451,-44.45763252868404,-2.696658363719216,23.76532520972568
122048_1767716700,122048,0.0,15.009352007515396,2.6614284385991906,0.5350660914127412,0.0015759072997216291,13.430156923404402,24.470047263419374
129964_1767716700,129964,303.0,23.56145505115985,-64.98134411636758,-21.0762211774503,-19.774936344327024,-16.817879329214968,24.568663910117994
122658_1767716700,122658,0.0,4.117278058377572,-0.259272438453055,0.04469837363996544,3.3838802857270036e-07,14.725641864648333,22.96361597347744
122658_1767717000,122658,0.0,4.117278058377572,5.023349864552756,-1.989644494255776,3.3838802857270036e-07,21.582176980004164,22.96361597347744
130238_1767717000,130238,-55.0,-15.09008665976664,-38.035064827269146,-44.78318227610795,-44.45763252868404,33.44078677846991,23.76532520972568
135081_1767717000,135081,92.0,78.33797100710598,78.46418182713228,61.47232470924546,70.68738151401735,-4.9465682249741825,22.704094302776095
122613_1767717000,122613,-62.0,-8.705233617975395,-21.32642338049343,-23.099952960535145,-20.305350435864508,23.90075576571433,26.29275617773385
129964_1767717300,129964,-111.0,-4.425770232072587,-45.24633001129112,-9.869896532571286,-3.607601773752908,-20.42713345339895,24.568663910117994
135081_1767717300,135081,-22.0,132.07219326096924,34.53822346965387,64.96257987433152,74.6304382835552,-14.738136771740935,22.704094302776095
130238_1767717300,130238,-41.0,67.66106472741266,56.715212711747874,47.09091447386998,65.79220391474537,24.637278006220676,23.76532520972568
122613_1767717300,122613,-54.0,9.766943711288555,-35.406906214944215,-14.047944700165925,7.280716764648474,-18.415092536019838,26.29275617773385
122613_1767717600,122613,-11.0,15.26111663697688,-58.523278881155214,-35.59851534878614,-5.639270756631394,-13.771491723703422,26.29275617773385
130238_1767717600,130238,-57.0,-5.04804318759048,-12.48939137728501,-35.67766956694304,-18.74647934608355,23.796985514770952,23.76532520972568
135081_1767717600,135081,-133.0,67.5995072897282,21.555795195160073,67.96257987433152,77.6304382835552,-13.091879445312202,22.704094302776095
129964_1767717600,129964,-126.0,-1.088289203148328,-49.22901018033947,-4.328369801442722,2.864359006614201,-22.489829400441696,24.568663910117994
122658_1767717600,122658,-46.0,4.117278058377572,-44.744126735544036,-32.10664555670461,3.3838802857270036e-07,-28.832267692732586,22.96361597347744
135081_1767717900,135081,-127.0,-7.571493081786883,7.277958004382199,14.001615637213924,16.867521719530018,1.9645001608418902,22.704094302776095
122613_1767717900,122613,55.0,-75.00964878288562,-71.29548709764649,-64.32169033043219,-39.28153497412834,-18.06878971279867,26.29275617773385
122658_1767717900,122658,38.0,4.117278058377572,-16.671807107315022,-21.075395916269162,3.3838802857270036e-07,-3.501018763349924,22.96361597347744
129964_1767717900,129964,38.0,-1.088289203148328,-46.883171522860586,-4.444425283233436,2.864359006614201,-22.24447068098773,24.568663910117994
130238_1767717900,130238,-92.0,-14.414116082955687,-40.4533833164618,-42.455601841046956,-39.40966911808433,27.94652696260063,23.76532520972568
129964_1767718200,129964,57.0,-101.79843779094898,-132.98465446845773,-92.7382959133563,-88.20894518026881,-17.402904434399957,24.568663910117994
130238_1767718200,130238,-38.0,19.367496484472767,-12.002013943542309,-18.782129080722477,-16.74647934608355,26.357679370376637,23.76532520972568
122613_1767718200,122613,72.0,40.09673333468571,-1.1371617083555847,5.7751669906761585,31.900912576154994,-4.721723322817405,26.29275617773385
122658_1767718200,122658,39.0,4.117278058377572,6.84793102080046,-14.730111203932397,3.3838802857270036e-07,23.592304535483994,22.96361597347744
135081_1767718200,135081,-51.0,-16.07258115645483,-40.007922176018866,-45.3482948224556,-40.16832170891546,6.897669363366129,22.704094302776095
122658_1767718500,122658,63.0,27.37682222378343,48.13508777762943,6.408176894638167,19.14531993683533,37.04930246468158,22.96361597347744
122613_1767718500,122613,72.0,50.00737667982623,35.3558607226779,-9.19843025210189,9.31162725384598,33.30670211209279,26.29275617773385
129964_1767718500,129964,71.0,33.479254496146424,-1.78783768382538,17.592834061168716,21.915118339126497,-11.77727425769478,24.568663910117994
135081_1767718500,135081,-77.0,32.865586436385335,-38.30493863483272,-34.06112684968536,-24.879831260965503,-10.596235027356142,22.704094302776095
130238_1767718500,130238,-3.0,-14.414116082955687,-23.68691877497516,-42.76904346875949,-37.590281124630614,39.81179208901653,23.76532520972568
130238_1767718800,130238,-85.0,-9.14266237348,-25.099780612030454,-38.36061242700835,-22.810142938358847,20.854003114041785,23.76532520972568
133957_1767718800,133957,-35.0,21.443498259207175,16.08994745948797,11.767251691948667,15.348014286173676,24.65715251889894,17.34297019060519
122658_1767718800,122658,107.0,-7.8406352906822505,-18.821948013206836,-26.436694611497355,-5.114000393617982,18.594001602303223,22.96361597347744
129964_1767718800,129964,39.0,109.4297678374334,54.469450899548676,67.62974645247284,79.88571968862873,-24.324158933951757,24.568663910117994
135081_1767718800,135081,-153.0,8.65649784457927,-53.408550457101185,-29.063003626876608,-26.852939551790364,-7.134369201091225,22.704094302776095
133300_1767718800,133300,231.0,11.435727807068545,19.830871801140113,9.773103647700784,16.39509797324933,23.24569790996546,17.676491199465435
129964_1767719100,129964,-44.0,29.472086539651016,-15.177497307165524,40.08819698481174,54.41430940802277,-43.837205971332835,24.568663910117994
135081_1767719100,135081,-144.0,-49.19540703474816,-50.24788844611493,-36.055374348270895,-25.748304125318867,-6.766855108030272,22.704094302776095
130238_1767719100,130238,99.0,66.61721497378197,-79.91662397261312,-36.56035434564558,2.3299095818806457,-57.68145072816057,23.76532520972568
133957_1767719100,133957,-113.0,-18.13177008918747,-37.56346145669055,-22.051278382864012,-13.005859535508872,9.497632628472637,17.34297019060519
122658_1767719100,122658,88.0,49.38822702657458,123.16687186501835,23.492080986632928,68.2998918094161,75.88783623472935,22.96361597347744
122658_1767719400,122658,0.0,107.43619629420327,86.48386792929975,-10.263426652213013,90.88457005802718,24.329097096053857,22.96361597347744
135081_1767719400,135081,-123.0,-7.795872608177753,-36.635253824696434,-45.34843535982039,-32.769838675005545,-3.706084094482374,22.704094302776095
133957_1767719400,133957,-174.0,-15.2012798768871,8.611181735504005,0.00811332678330956,1.964905101588304,14.182573998286575,17.34297019060519
130238_1767719400,130238,160.0,10.552753769273096,-117.9115642724684,-91.78552983559366,-42.62111948069829,-40.94173358572242,23.76532520972568
133300_1767719400,133300,-24.0,157.67996728593158,42.004005413029574,101.34151724579084,105.37692174838905,-8.64148035105101,17.676491199465435
129964_1767719400,129964,-130.0,33.89843671757984,-38.1216806647429,18.17677882895084,31.635634130397193,-46.915957764699215,24.568663910117994
135081_1767719700,135081,-137.0,-119.09664716925391,-98.93629640249804,-78.04967598835833,-65.4710793035436,-11.960112441505855,22.704094302776095
122658_1767719700,122658,0.0,43.26343136447732,-11.742641949037392,27.364600821263238,72.33227614472314,-9.128576867311969,22.96361597347744
130238_1767719700,130238,134.0,10.552753769273096,-102.64220492031103,-90.03800217995179,-42.62111948069829,-21.948419519563892,23.76532520972568
129964_1767719700,129964,-135.0,23.117522218773335,-25.720637139162115,-1.6867557741275991,8.53750440022373,-24.00142297018696,24.568663910117994
133957_1767719700,133957,-173.0,-28.319278719159257,-50.3574026613049,-45.6283394421296,-37.03494474196997,6.867689328280202,17.34297019060519
133300_1767719700,133300,22.0,111.90581861550392,62.42574591343498,125.2790644236569,134.16993474503852,-1.2438224503851352,17.676491199465435
133300_1767720000,133300,-46.0,111.90581861550392,111.86264296222205,124.13750143358408,134.16993474503852,19.956263499072975,17.676491199465435
122048_1767720000,122048,-336.0,15.009352007515396,5.74544635973691,-19.488312008301577,0.0015759072997216291,7.024810570097366,24.470047263419374
133957_1767720000,133957,-218.0,-80.53031117079271,-65.10203444338944,-53.70103315671282,-41.83465454951897,-8.766117198579849,17.34297019060519
130238_1767720000,130238,35.0,70.89363632410098,29.658135341909713,35.67450929348071,71.65119971581085,-24.644416105245355,23.76532520972568
122658_1767720000,122658,0.0,43.26343136447732,48.18592171242079,32.941527411119495,72.33227614472314,32.22974098589329,22.96361597347744
129964_1767720000,129964,-14.0,-57.25679068621035,-89.88615196263422,-48.14454518945979,-35.2679369199565,-29.51207551199093,24.568663910117994
135081_1767720000,135081,-199.0,-148.30306659716695,-78.88131870700094,-67.51919992614624,-55.770500557385375,-18.117484443492877,22.704094302776095
133300_1767720300,133300,-26.0,15.218079639730465,11.978397873241587,-0.9495764369103643,13.379675848867466,23.65085476310186,17.676491199465435
129964_1767720300,129964,-105.0,-96.3184316810457,-101.70140133592429,-61.060988858452994,-48.87318962304535,-33.612233011243745,24.568663910117994
135081_1767720300,135081,-231.0,-6.24556078275252,-66.17067287460465,-41.6199618036111,-32.28002798988421,-18.44913445005669,22.704094302776095
122048_1767720300,122048,-130.0,15.009352007515396,-36.36040227011863,-19.4994089027946,0.0015759072997216291,-27.96486604286245,24.470047263419374
130238_1767720300,130238,41.0,43.43264606227021,49.16967055228918,32.70254648287565,71.40109616794393,6.553614327975218,23.76532520972568
122658_1767720300,122658,0.0,4.117278058377572,11.175439917018075,-28.319859745452785,3.3838802857270036e-07,31.14219386268193,22.96361597347744
122048_1767720600,122048,-32.0,15.009352007515396,-24.402663951310462,-10.654416393761858,0.0015759072997216291,-9.044205556574415,24.470047263419374
129964_1767720600,129964,-10.0,-24.00023740085092,-104.44708963145322,-34.42367687438161,-23.423616980121707,-48.94909698586655,24.568663910117994
122658_1767720600,122658,0.0,4.117278058377572,16.1431272960451,-26.834494557329837,3.3838802857270036e-07,37.67921842033644,22.96361597347744
135081_1767720600,135081,-180.0,41.343393513687346,-19.840139430251668,18.94092860591911,32.973305021431855,-5.027347628374191,22.704094302776095
130238_1767720600,130238,-64.0,67.66106472741266,41.900730604235385,47.90909334529024,65.79220391474537,5.220564514941271,23.76532520972568
122048_1767720900,122048,-32.0,-107.20435464686827,-37.86512639265254,-37.716720657747345,-62.84709651287994,44.371006414077314,24.470047263419374
135081_1767720900,135081,-34.0,-108.58287947938084,-69.65756989980713,-46.69355390649628,-49.175652558494676,11.026241601081475,22.704094302776095
133957_1767720900,133957,67.0,1.0230902242869746,-25.042785918320924,0.8435918619124578,-15.569232439944837,7.905749887071403,17.34297019060519
130238_1767720900,130238,-125.0,61.588315138000844,66.73191908619998,72.64061146424737,49.02880281938512,44.606573955752204,23.76532520972568
122658_1767720900,122658,0.0,4.117278058377572,32.56349168123823,19.4850965712187,3.3838802857270036e-07,51.98634140860935,22.96361597347744
129964_1767720900,129964,49.0,-47.3973879178119,-83.13760948182409,-17.466426265600973,-26.31179899224739,-25.3635875167154,24.568663910117994
130238_1767721200,130238,-103.0,68.58387746125035,87.94139892771113,94.11224722979212,65.41983541896145,52.79819646079287,23.76532520972568
133957_1767721200,133957,28.0,1.0230902242869746,-21.474104946396643,-4.5588703758322,-15.569232439944837,16.49719984186501,17.34297019060519
122048_1767721200,122048,-108.0,126.8298112892866,76.75957664193604,95.76786118888596,70.07241830133087,33.59050614822806,24.470047263419374
122658_1767721200,122658,0.0,4.117278058377572,49.62161464577696,22.691836802284012,3.3838802857270036e-07,70.44800031788841,22.96361597347744
135081_1767721200,135081,4.0,41.343393513687346,-11.95692477927716,18.358632004691316,23.868830631271663,17.525755340137813,22.704094302776095
135081_1767721500,135081,12.0,-63.40058091021328,-20.580914885841146,-7.066813995208435,-26.524722982706468,19.982360916933217,22.704094302776095
122048_1767721500,122048,-141.0,-20.405046304594592,24.542709877675456,51.71265370934914,6.461932802221174,42.709184437124186,24.470047263419374
130238_1767721500,130238,-170.0,-114.15557504459338,3.9066757754380603,-6.088921942881157,-38.65693766218128,55.436219829868,23.76532520972568
133957_1767721500,133957,83.0,1.0230902242869746,22.226780151302762,8.140892301097779,-15.569232439944837,50.57016561024315,17.34297019060519
122048_1767721800,122048,-174.0,-52.602652434014715,-9.138132380175932,11.517034820934455,-45.009758602191724,58.386312140989844,24.470047263419374
133957_1767721800,133957,-28.0,56.60371129307719,53.78032445080981,56.927834705182654,20.086631289787235,64.82362294749662,17.34297019060519
135081_1767721800,135081,48.0,29.946270068713762,-1.776453996064138,35.57247871316832,13.039747125023153,9.520218521231799,22.704094302776095
122048_1767722100,122048,-157.0,-37.201084570927975,12.459430162666877,30.380765594388123,-32.860840031573275,56.85900805004879,24.470047263419374
133957_1767722100,133957,-73.0,41.66143369321542,111.94974366508617,107.13483794423607,53.15691944325679,107.59886799975838,17.34297019060519
132430_1767722400,132430,380.0,230.47707762279742,305.5387244665971,188.5171679805161,157.56766179364865,70.59276389187987,9.72689839947363
133300_1767722400,133300,310.0,-24.02424166678165,41.30682124518435,24.843975652257868,-14.272177097681267,65.17869199861809,17.676491199465435
134040_1767722400,134040,107.0,66.53474400874265,95.25936052489307,71.22192925811807,46.73363091043799,87.40442865501728,14.73210727822131
122048_1767722400,122048,-146.0,-66.0861620935879,-34.02880968540356,-4.925415271210369,-61.77353771549559,62.80723086247537,24.470047263419374
134040_1767722700,134040,295.0,76.66343953324676,109.18867867860304,81.9391766668175,54.38432480809557,87.1939775454954,14.73210727822131
133300_1767722700,133300,406.0,152.74571719838036,251.7434817829025,154.58799598487215,102.32663136224029,68.53848733980502,17.676491199465435
122048_1767722700,122048,-104.0,-62.49812161032615,11.21587575696833,21.20057125351923,-52.331406134683746,73.18512762465522,24.470047263419374
132430_1767722700,132430,324.0,322.16046785916103,393.17610356491764,257.9624810801388,201.53805252632856,84.70106342373838,9.72689839947363
133300_1767723000,133300,580.0,252.40439479053558,358.73240580267515,253.8802266281073,206.7303946576397,88.79204018657191,17.676491199465435
134040_1767723000,134040,407.0,74.31092676851671,166.83596460527582,91.37037348915787,52.303566060995806,115.75646235277485,14.73210727822131
122048_1767723000,122048,-70.0,2.5971172449420408,11.103451521925422,34.954850883654274,-39.860840031573275,68.51072800970238,24.470047263419374
132430_1767723000,132430,452.0,303.5767260177624,468.8147316416152,289.82279807185614,229.17559799637343,101.2991971178049,9.72689839947363
132430_1767723300,132430,333.0,230.47707762279742,354.80408910857585,236.00989850132493,176.07247342184309,99.57108176315238,9.72689839947363
122048_1767723300,122048,48.0,-20.040630677260324,78.72436419596988,37.22765846703709,-38.585757274835466,98.39394557029807,24.470047263419374
134040_1767723300,134040,342.0,74.29752960265256,167.39120250906043,121.86110740560824,91.01004588153607,88.35604947930636,14.73210727822131
122048_1767723600,122048,66.0,-52.602652434014715,32.98301949419849,26.793267349226753,-47.009758602191724,99.45476065798569,24.470047263419374
134040_1767723600,134040,401.0,302.7061282795433,299.17037007094603,265.43247991244203,216.71573699727477,79.25805003014344,14.73210727822131
132430_1767723600,132430,310.0,337.84342816851176,463.4859917371618,312.5442796525572,270.1870875513563,101.05516588646131,9.72689839947363
133300_1767723600,133300,-5.0,351.1969874379884,137.7206214559917,269.5086932186289,312.5873676537277,44.55273318711709,17.676491199465435
122048_1767723900,122048,50.0,60.88067380212261,139.7109024566927,108.94053773311919,49.00378901421707,90.05110246862222,24.470047263419374
132430_1767723900,132430,285.0,322.16046785916103,415.06884018614977,280.212403485644,206.14772316101426,103.08899504728758,9.72689839947363
134040_1767723900,134040,487.0,168.72909603996993,289.23425719091415,249.38313384728298,214.75663993493447,83.6315724133298,14.73210727822131
132430_1767724200,132430,309.0,198.40810221544046,319.50537090904925,235.40641230375917,152.26429208649347,107.26769866718278,9.72689839947363
134040_1767724200,134040,465.0,214.46967908272495,304.50839834943895,266.02917308772555,210.71573699727477,77.62127929324795,14.73210727822131
122048_1767724200,122048,35.0,71.73221360791342,140.06852125788336,106.96551150867793,48.32503542837377,93.98629255545532,24.470047263419374
131672_1767724200,131672,368.0,226.03371482227064,218.87869692294012,245.49337836663116,192.64362877339573,-31.099726502869455,21.912633056545065
131672_1767724500,131672,365.0,233.73799954651562,174.76164202397015,259.1139374032654,213.35270921610606,-40.63400393039572,21.912633056545065
122048_1767724500,122048,133.0,17.68164655351647,74.38595006316815,107.3768149615727,50.49832569417331,61.090306589199,24.470047263419374
134040_1767724500,134040,409.0,328.10815594722925,302.5051695365323,277.8094975359627,288.76076853303505,76.3271435107294,14.73210727822131
132430_1767724500,132430,299.0,248.87417004201365,358.148018855242,261.23799855870567,179.3292427841643,109.17211311270268,9.72689839947363
132430_1767724800,132430,45.0,230.47707762279742,258.5957100614872,190.06005267412579,166.56766179364865,103.44584500891105,9.72689839947363
122048_1767724800,122048,250.0,-1.4252164742941176,24.599811484468695,68.09440562250666,12.562221812671474,49.33400908407643,24.470047263419374
132430_1767725100,132430,45.0,248.87417004201365,263.65655432349774,254.73243581524346,174.3292427841643,109.72000988687576,9.72689839947363
122048_1767725100,122048,274.0,109.00070388384827,183.3045367288379,112.35260087977936,57.663703070178784,94.02215525154566,24.470047263419374
132430_1767725400,132430,-1.0,230.71259916243739,218.99754422751334,251.00704311171864,170.0372760054314,110.77480681453133,9.72689839947363
122048_1767725400,122048,356.0,189.71421406828307,357.2777408058946,221.97660581073455,188.30667519469563,87.58189587721563,24.470047263419374
122048_1767725700,122048,417.0,175.29148122388764,286.91249101429383,181.29008036651533,167.88683621637915,75.52129581324662,24.470047263419374
132430_1767725700,132430,27.0,42.68848186365544,115.135237188119,124.35320695539198,41.27723058324548,102.80131514839978,9.72689839947363
122048_1767726000,122048,481.0,142.330543262945,324.1801653033267,236.978313420544,191.1109227120234,74.43016361919864,24.470047263419374
135081_1767726000,135081,311.0,108.15584873350113,204.69036842309382,148.55859477828164,104.12819918309823,41.94643591150072,22.704094302776095
122048_1767726300,122048,523.0,139.5890658977077,311.02444141457124,234.81624947227144,190.2103453609232,71.54899916295804,24.470047263419374
135081_1767726300,135081,146.0,149.24011257720642,301.6696035095886,237.3218131122635,204.22263626511585,42.45877146316597,22.704094302776095
135081_1767726600,135081,53.0,263.35605295369044,265.43705395336025,253.44508108263759,221.6600656251926,33.31950900906801,22.704094302776095
131672_1767726900,131672,-3.0,245.204423264342,-39.31053208461839,187.74671226360456,227.34901783273307,-92.17610895816826,21.912633056545065
135081_1767726900,135081,-68.0,122.79278644473106,135.85775128427122,165.79129823284873,134.40439260620275,26.86244686553112,22.704094302776095
131672_1767727200,131672,-9.0,245.204423264342,38.91230716396689,237.7542711974859,227.34901783273307,-81.29528658860126,21.912633056545065
122048_1767727200,122048,-54.0,158.05313460769835,187.66814902573947,250.22131516906882,205.17687683052515,57.01595821544484,24.470047263419374
135081_1767727200,135081,-32.0,17.141968098920856,129.20682763522723,105.85831572800475,69.17835480348589,39.503824632618105,22.704094302776095
135081_1767727500,135081,-15.0,1.5198825305669459,32.884005020601386,46.293767488930115,2.6127716587975947,30.150452089348583,22.704094302776095
131672_1767727500,131672,163.0,245.204423264342,169.059500898683,237.7542711974859,227.34901783273307,-58.81195500175812,21.912633056545065
131672_1767727800,131672,302.0,47.73030466727973,-29.02787677841947,33.54443556568216,7.121872253932404,-57.05631487156447,21.912633056545065
131672_1767728100,131672,382.0,101.57403727486408,24.264926059363503,103.4067432029554,75.65522160915641,-54.537391215015035,21.912633056545065
131672_1767728400,131672,359.0,183.8393189021957,65.1065157745997,169.29813405725668,161.73127496948587,-69.32385026328318,21.912633056545065
122048_1767728700,122048,-348.0,59.629885141384136,15.250368589811231,22.71093551145816,-27.60046762197514,60.93571806489053,24.470047263419374
131672_1767728700,131672,492.0,288.53351204763794,149.73205143648502,241.98132421088687,233.1834799097561,-76.2139025948912,21.912633056545065
133957_1767729000,133957,39.0,166.86052952705256,137.93006823091076,164.8301517745447,118.77600783957038,65.47640599836116,17.34297019060519
122048_1767729000,122048,-142.0,59.629885141384136,2.920173075177182,23.014561812069715,-27.60046762197514,57.61271635042079,24.470047263419374
131672_1767729000,131672,533.0,196.36132306697155,187.3133331117513,204.11637788218806,227.55643858569022,-57.26997722350404,21.912633056545065
122048_1767729300,122048,36.0,59.629885141384136,14.682902302775602,22.7179269030799,-27.60046762197514,65.99292271578494,24.470047263419374
131672_1767729300,131672,478.0,214.8274690319022,264.4156494127183,268.4741508104038,273.0719444436759,-52.554006298852016,21.912633056545065
133957_1767729300,133957,171.0,166.86052952705256,115.03086784886463,163.43317949576866,118.77600783957038,42.87380880242103,17.34297019060519
131672_1767729600,131672,557.0,299.0536190790217,301.8823555428325,358.7969703384964,379.3791719395043,-62.170939110283456,21.912633056545065
133957_1767729600,133957,141.0,166.86052952705256,205.0564674199435,163.5870893663654,118.77600783957038,53.11337114412658,17.34297019060519
122048_1767729600,122048,41.0,44.883783617319935,5.1466434275924655,21.485307362079197,-5.765958719990181,66.50156265023176,24.470047263419374
132430_1767729600,132430,21.0,66.63986620279341,54.74556324304917,47.16834601194262,31.212139836917057,44.260776906094925,9.72689839947363
122048_1767729900,122048,93.0,40.68095673112853,129.36922042447605,99.74237040907262,61.95985696386171,79.09517014077731,24.470047263419374
133957_1767729900,133957,126.0,130.9846410314097,217.06434242257376,152.2427036709684,102.52471390702365,83.34392192791928,17.34297019060519
132430_1767729900,132430,177.0,61.81938251724099,62.69645770643808,80.26888850204269,67.6816635835382,35.290373287311475,9.72689839947363
122048_1767730200,122048,99.0,40.79296215091077,122.75841640469321,105.2424493910832,66.88374386634868,72.63564712831705,24.470047263419374
130072_1767730200,130072,60.0,8.41011883325502,3.2414642917566328,15.981643485588934,2.243075969366868e-06,19.65202035611097,20.8788263152349
133957_1767730200,133957,83.0,195.39367595025004,223.60497064294753,149.041712305099,95.18662553243328,97.80027590029798,17.34297019060519
132430_1767730200,132430,173.0,-2.0087466835340493,14.288344332474143,3.479269441802799,-12.017031577239806,43.99489202556274,9.72689839947363
133957_1767730500,133957,53.0,97.35262296402749,167.74784115547888,108.04324131060537,64.96805042237204,90.83897000992968,17.34297019060519
122048_1767730500,122048,-3.0,3.2539693096194,103.90754170388475,111.90763510634184,70.38377413169138,44.96576909808822,24.470047263419374
132430_1767730500,132430,146.0,-2.0087466835340493,10.039979780888018,15.676170370338898,-12.017031577239806,31.57712424356841,9.72689839947363
130072_1767730500,130072,60.0,8.41011883325502,4.776069557519801,17.608489251569548,2.243075969366868e-06,25.0402132830248,20.8788263152349
130072_1767730800,130072,106.0,8.41011883325502,9.427015568398632,15.411771637784218,2.243075969366868e-06,32.812374986867816,20.8788263152349
122048_1767730800,122048,25.0,40.005686352408176,133.2269139892803,103.44771412645284,69.38377413169138,57.639368913004425,24.470047263419374
133957_1767730800,133957,38.0,137.89766905755658,94.28447771586578,81.50734731601354,56.974323508971594,95.91863156252398,17.34297019060519
132430_1767730800,132430,234.0,109.88441403826263,146.7804186735147,87.63233051182242,75.22988020384788,51.766307280160405,9.72689839947363
133957_1767731100,133957,59.0,62.665696997437024,77.180611182154,77.01798246656418,52.15691944325679,81.29046354935322,17.34297019060519
130072_1767731100,130072,22.0,98.15844696408791,105.24704339583525,73.08344276302853,59.682447220611536,86.07597804894355,20.8788263152349
122048_1767731100,122048,4.0,28.74560582158502,57.0745318746759,75.33140085082923,47.32503542837377,44.98643552430783,24.470047263419374
132430_1767731100,132430,277.0,105.51220267692435,189.66039717616604,84.78777316392053,72.38396736567655,65.34134735111898,9.72689839947363
132430_1767731400,132430,192.0,73.66110989614252,215.27664088227186,116.95622527435096,101.06479274376362,55.85568302906965,9.72689839947363
133957_1767731400,133957,46.0,63.02202630142685,41.78987146901525,45.87147438568862,20.339515397593228,47.50260426074457,17.34297019060519
130072_1767731400,130072,49.0,51.68074141049395,135.35821254859061,83.54128864391981,66.545301441423,98.80576509003218,20.8788263152349
133957_1767731700,133957,116.0,59.22685175141983,106.67332712822332,98.99761726387521,69.7658725394843,46.02572873681461,17.34297019060519
130072_1767731700,130072,78.0,-1.0480728557442234,30.71562329865467,17.374435321078124,2.6487563795510236,41.14534332307404,20.8788263152349
132430_1767731700,132430,201.0,230.71259916243739,277.54921721259154,185.76890674278332,174.53207737619817,54.54199140597062,9.72689839947363
131672_1767732000,131672,32.0,299.0536190790217,115.31951866964181,378.40159533959263,419.1095770754955,-77.59979998462752,21.912633056545065
132430_1767732000,132430,167.0,79.79143076193675,237.77861999233488,125.76547029840326,109.82349131914883,62.34511126846692,9.72689839947363
130072_1767732000,130072,158.0,98.96350422479172,30.462983486497244,70.66259597131005,57.682447220611536,20.527334336635054,20.8788263152349
133957_1767732000,133957,129.0,54.71017748956697,68.03903086206304,53.38933372305477,30.1296034477035,57.98298596380348,17.34297019060519
130072_1767732300,130072,161.0,29.827354354136947,30.80864578393337,44.95199608903326,30.432929371716007,43.36630298257871,20.8788263152349
132430_1767732300,132430,337.0,63.07214371241936,176.67030419889875,74.54630034453594,62.032154005990904,63.9907709017418,9.72689839947363
131672_1767732300,131672,16.0,299.0536190790217,163.65565780676098,393.9779364060789,419.1095770754955,-66.30948493395309,21.912633056545065
132430_1767732600,132430,338.0,121.47077463159565,208.141306340762,101.58813941509597,87.81323004197317,52.45280923412042,9.72689839947363
133957_1767732600,133957,39.0,20.445375913494484,50.62914748793976,94.18135281415596,53.72204416429872,39.67282837343432,17.34297019060519
131672_1767732600,131672,34.0,299.0536190790217,342.59167490149304,386.5442676496101,419.1095770754955,-46.21336044297604,21.912633056545065
135081_1767732600,135081,79.0,115.81489818213704,15.319707644452876,150.57971745655493,140.84436084557905,-6.044343303351109,22.704094302776095
130072_1767732600,130072,226.0,98.44829603883149,81.45688309363341,110.31419998823152,97.76032113824937,28.969397717568043,20.8788263152349
131672_1767732900,131672,41.0,15.552127673415772,-4.780463139217439,56.28527672489915,33.83060311195188,-46.5159891686355,21.912633056545065
133957_1767732900,133957,-49.0,72.3796969295444,81.81137434083433,109.24450012633933,83.28478224008987,30.926157768025508,17.34297019060519
130072_1767732900,130072,187.0,128.94199838777473,98.45248199789279,102.17608766336272,85.7103853186252,39.405060148506486,20.8788263152349
132430_1767732900,132430,238.0,100.67885848558144,295.6606697236806,161.62957334881295,173.7713883049122,48.53375106129195,9.72689839947363
135081_1767732900,135081,136.0,115.81489818213704,88.38530796252522,148.7971876630947,140.84436084557905,11.657950310707985,22.704094302776095
130072_1767733200,130072,125.0,98.44829603883149,-7.972014584042739,58.26774566194385,99.76032113824937,6.678442283840644,20.8788263152349
135081_1767733200,135081,40.0,115.81489818213704,158.78762204585232,139.08823846487343,140.84436084557905,10.537496198444394,22.704094302776095
133957_1767733200,133957,59.0,72.3796969295444,99.35259789513653,97.1923336048944,83.28478224008987,25.491315286570572,17.34297019060519
122048_1767733200,122048,0.0,15.009352007515396,-12.770941956916822,14.564620829716795,0.0015759072997216291,1.3306626449045535,24.470047263419374
132430_1767733200,132430,153.0,230.47707762279742,273.2488706029783,157.43955586256985,164.56766179364865,40.784932578409766,9.72689839947363
130072_1767733500,130072,125.0,175.02186992956672,51.753353518783825,102.25693698265019,98.06900660596668,13.667217854078539,20.8788263152349
122048_1767733500,122048,0.0,15.009352007515396,8.986847315421972,12.12295990460401,0.0015759072997216291,28.601907973884817,24.470047263419374
132430_1767733500,132430,168.0,248.87417004201365,273.1888185044696,171.39424077854707,176.3292427841643,30.608708786875184,9.72689839947363
133957_1767733500,133957,28.0,-19.83563155610497,27.056682494117524,2.956544239978111,-0.7793943251877451,50.90557889492713,17.34297019060519
135081_1767733500,135081,44.0,156.64849947295193,131.782648240435,112.02607810817452,93.04233101251678,-3.518224921678662,22.704094302776095
130072_1767733800,130072,168.0,113.40555141007138,-28.152996673428362,52.37821387912919,87.64526341859847,0.9924418255023415,20.8788263152349
135081_1767733800,135081,51.0,98.50346073948016,71.36421503089191,85.43255261331153,66.6034624746635,0.9090979925057976,22.704094302776095
133957_1767733800,133957,15.0,7.592974641662323,31.262860335383994,5.3082002523389615,5.849715859055682,59.028779190765306,17.34297019060519
122048_1767733800,122048,0.0,15.009352007515396,56.14875349517206,11.037969514846933,0.0015759072997216291,56.689533184719004,24.470047263419374
132430_1767733800,132430,179.0,90.50627842187842,165.6882949299863,75.55718118878998,77.1885772323062,22.378120303793935,9.72689839947363
135081_1767734100,135081,-16.0,-5.227873798098457,-10.794592248425072,14.66164625599152,-6.2291872624741025,-1.1779178081658848,22.704094302776095
133957_1767734100,133957,45.0,46.248398649955405,58.976256127235615,47.62572011887255,45.08307522672775,51.60784321246567,17.34297019060519
130072_1767734100,130072,195.0,85.12915417173052,30.661959750452468,73.51736601993866,70.06974371354157,13.921303592493038,20.8788263152349
122048_1767734100,122048,0.0,15.009352007515396,3.2294763074885964,10.649427978855687,0.0015759072997216291,25.078978171860395,24.470047263419374
132430_1767734100,132430,96.0,68.28257640512231,168.05132193427525,83.21599623882726,80.5074513394754,32.465984523558575,9.72689839947363
133957_1767734400,133957,7.0,7.592974641662323,27.28361196150585,3.6549758677183446,4.6151405322914805,57.06068795716233,17.34297019060519
135081_1767734400,135081,-59.0,56.23150899999718,48.29740622478067,72.55179598701827,57.39758799637903,-4.0482514869482005,22.704094302776095
122048_1767734400,122048,0.0,15.009352007515396,7.4026809087448395,9.404695541755501,0.0015759072997216291,21.427627200909836,24.470047263419374
130072_1767734400,130072,163.0,52.020367561892186,30.167373241944453,70.46571837587419,67.545301441423,11.573949731279939,20.8788263152349
135081_1767734700,135081,-170.0,47.86450151650535,13.350899928066056,59.751311449940616,51.275541448458824,-13.362260354588768,22.704094302776095
130072_1767734700,130072,0.0,113.40555141007138,-44.442085761978404,41.32629521591164,90.51446273623556,-5.250905541700729,20.8788263152349
122048_1767734700,122048,0.0,15.009352007515396,7.539723225438305,7.442247052442261,0.0015759072997216291,25.780605929650942,24.470047263419374
133957_1767734700,133957,65.0,62.665696997437024,55.968616899054034,54.453985512137535,52.15691944325679,47.33991393413429,17.34297019060519
134040_1767735000,134040,434.0,328.10815594722925,326.3353618904141,231.40712068138157,284.76076853303505,19.501906641624736,14.73210727822131
133957_1767735000,133957,21.0,40.89333295713212,-14.664344845183809,-15.903273940215477,-17.22734475418147,17.315997756737968,17.34297019060519
130072_1767735000,130072,0.0,132.75007926016497,9.635854207841902,77.46634217441441,78.14619038777808,11.719810426153318,20.8788263152349
130072_1767735300,130072,0.0,132.75007926016497,19.70674406311545,77.46634217441441,78.14619038777808,25.954571924901387,20.8788263152349
134040_1767735300,134040,434.0,328.10815594722925,352.04501272563175,229.3385706458956,284.76076853303505,16.83757342038384,14.73210727822131
133957_1767735300,133957,50.0,110.72732109110285,51.48543806132695,57.79875721494646,55.974323508971594,16.013393652507016,17.34297019060519
133957_1767735600,133957,77.0,31.64423564246189,35.939922644455166,22.38054879883901,21.936113401955467,23.287278279510826,17.34297019060519
130072_1767735600,130072,0.0,8.41011883325502,-1.8096891414625633,1.6452249690102232,2.243075969366868e-06,14.771707080423914,20.8788263152349
134040_1767735900,134040,0.0,328.10815594722925,63.741216641743335,179.74469386436488,284.76076853303505,-18.957961171953375,14.73210727822131
130072_1767735900,130072,0.0,8.41011883325502,-22.842540961025176,-2.9497343354756955,2.243075969366868e-06,-13.284353553283143,20.8788263152349
134040_1767736200,134040,0.0,328.10815594722925,101.38531297514396,216.9205243097675,284.76076853303505,-2.572803702797823,14.73210727822131
130072_1767736200,130072,0.0,8.41011883325502,-21.489663142110178,-3.0282119201176236,2.243075969366868e-06,-11.655016729708034,20.8788263152349
134040_1767736500,134040,0.0,328.10815594722925,154.1486097859455,224.2918422137192,284.76076853303505,-4.722589717492343,14.73210727822131
130072_1767736500,130072,0.0,8.41011883325502,-26.67855243821025,-3.66527001822483,2.243075969366868e-06,-19.815372970121597,20.8788263152349
134040_1767736800,134040,0.0,9.24091534202745,-4.475108789340044,-0.9047847536750019,8.14510164165404e-07,7.037787250916349,14.73210727822131
135081_1767736800,135081,-98.0,-19.00130815831251,-138.77165097988146,-96.62433222594993,-72.4710793035436,-13.603341291396193,22.704094302776095
133957_1767736800,133957,32.0,159.67469268441653,71.96681057617748,95.96951843908863,88.13934344915177,28.545334968518215,17.34297019060519
133957_1767737100,133957,-8.0,159.67469268441653,64.57481300597678,96.56061603468129,88.13934344915177,12.051780227796987,17.34297019060519
135081_1767737100,135081,37.0,32.60322395579893,-48.679325661604906,-15.444115813676149,35.966339659584264,-20.448841222052465,22.704094302776095
134040_1767737100,134040,0.0,9.24091534202745,-13.882279723441254,0.752938903119642,8.14510164165404e-07,-1.5844416209611887,14.73210727822131
133957_1767737400,133957,27.0,159.67469268441653,131.58406210587538,96.56061603468129,88.13934344915177,16.996437400657104,17.34297019060519
135081_1767737400,135081,13.0,-57.598449454547264,-75.82126665453119,-25.833135019056485,-34.80672191379923,-16.545414739426192,22.704094302776095
134040_1767737400,134040,0.0,9.24091534202745,3.5069155939532815,0.752938903119642,8.14510164165404e-07,3.8784835522856094,14.73210727822131
133957_1767737700,133957,-22.0,-0.4468769459554096,44.39204145785135,30.216093794120205,27.1296034477035,43.991378692377886,17.34297019060519
135081_1767737700,135081,172.0,45.840053579538456,9.895848394668185,56.898154640994505,46.29657723343004,-6.022066168557543,22.704094302776095
134040_1767737700,134040,0.0,9.24091534202745,13.02068984306326,0.752938903119642,8.14510164165404e-07,11.832881420565236,14.73210727822131
134040_1767738000,134040,0.0,9.24091534202745,56.736624270646644,0.752938903119642,8.14510164165404e-07,20.57414066447892,14.73210727822131
134494_1767738000,134494,0.0,9.690447615696108,-15.36097364173122,-2.4035665757164253,8.26458689135721e-07,-12.137047117196415,22.630982519953122
132430_1767738000,132430,90.0,66.0311858964497,14.812205636360943,37.838341167939355,55.67750839933166,-14.972394226012852,9.72689839947363
135081_1767738000,135081,87.0,30.615697806295127,-14.482276468541563,24.304244003675798,14.146085563869985,-5.789865520081802,22.704094302776095
133957_1767738000,133957,-77.0,3.218912909139121,35.050555800925224,11.147446303737704,5.178447556747589,60.843204706697506,17.34297019060519
135081_1767738300,135081,73.0,49.611741345651076,50.18111204218359,75.69775258444648,61.7485675030225,-4.61900840569294,22.704094302776095
134040_1767738300,134040,0.0,9.24091534202745,19.900503804117655,0.7282014106865432,8.14510164165404e-07,33.04909517766015,14.73210727822131
132430_1767738300,132430,108.0,66.0311858964497,35.14219483267821,41.64141660800119,55.67750839933166,6.877524962273344,9.72689839947363
134494_1767738300,134494,0.0,9.690447615696108,-8.85464979602477,-0.2711730478512809,8.26458689135721e-07,-5.825640815585789,22.630982519953122
134494_1767738600,134494,0.0,9.690447615696108,-6.227086026817201,-0.2711730478512809,8.26458689135721e-07,-0.7589569414868533,22.630982519953122
134040_1767738600,134040,0.0,9.24091534202745,-1.157288448422548,0.7282014106865432,8.14510164165404e-07,26.394202932234514,14.73210727822131
134494_1767738900,134494,0.0,9.690447615696108,15.762027466350418,-0.2992162437969377,8.26458689135721e-07,27.14997069127656,22.630982519953122
134040_1767738900,134040,0.0,9.24091534202745,5.834646078145047,0.7282014106865432,8.14510164165404e-07,32.394604246466784,14.73210727822131
134494_1767739200,134494,0.0,9.690447615696108,22.373616817507713,0.10607638174775438,8.26458689135721e-07,31.550253775244265,22.630982519953122
134040_1767739200,134040,0.0,9.24091534202745,5.277375599260706,0.6947375530394034,8.14510164165404e-07,29.970728568365296,14.73210727822131
134040_1767739500,134040,0.0,9.24091534202745,18.791170881452995,0.6186923878890561,8.14510164165404e-07,55.38599064094508,14.73210727822131
134494_1767739500,134494,0.0,9.690447615696108,10.038378233153285,-0.23750414321471727,8.26458689135721e-07,18.36245993938461,22.630982519953122
134040_1767739800,134040,0.0,9.24091534202745,39.56798639508946,0.6186923878890561,8.14510164165404e-07,64.57234813562381,14.73210727822131
134494_1767739800,134494,0.0,9.690447615696108,0.6778983681731218,-0.2678223698280452,8.26458689135721e-07,9.7225593825904,22.630982519953122
134494_1767740100,134494,0.0,9.690447615696108,8.213890928456603,0.3037652416711086,8.26458689135721e-07,18.408342655241803,22.630982519953122
134040_1767740100,134040,0.0,9.24091534202745,49.46460788229832,0.3991555333208897,8.14510164165404e-07,76.09617934687192,14.73210727822131
134040_1767740400,134040,0.0,9.24091534202745,32.97142817100697,0.3991555333208897,8.14510164165404e-07,74.81207965588492,14.73210727822131
132430_1767740400,132430,151.0,24.044930166207415,13.071410150582272,-1.4434065960637277,-0.4832189556261284,16.753792476472757,9.72689839947363
130072_1767740700,130072,0.0,8.41011883325502,-4.030442312644014,0.5388339690959632,2.243075969366868e-06,3.1925881135829846,20.8788263152349
132430_1767740700,132430,124.0,12.827179209033908,1.198030759757584,-4.252446235098949,-1.6144021375640278,11.162351504506567,9.72689839947363
134040_1767740700,134040,0.0,9.24091534202745,3.092907709390081,0.3440522872192252,8.14510164165404e-07,28.4683544146724,14.73210727822131
132430_1767741000,132430,60.0,64.62607592797251,90.10167301723945,30.421894478891573,67.0321540059909,10.555155440915332,9.72689839947363
130072_1767741000,130072,0.0,8.41011883325502,-14.130532601316483,0.3351100932011691,2.243075969366868e-06,1.2263622950267499,20.8788263152349
130072_1767741300,130072,0.0,8.41011883325502,-11.75167732671627,0.37401495698910237,2.243075969366868e-06,5.887841846528539,20.8788263152349
132430_1767741300,132430,85.0,74.98364410647068,64.45200587989106,35.66980065505561,53.305676371357194,4.177936875175869,9.72689839947363
132430_1767741600,132430,189.0,60.3262487416827,85.53851507302448,45.03664328992787,55.979093632423925,11.104788605946627,9.72689839947363
130072_1767741600,130072,0.0,8.41011883325502,17.85450949129981,0.41037121933718257,2.243075969366868e-06,32.03139006142957,20.8788263152349
132430_1767741900,132430,160.0,68.85970344335468,33.21858133771418,11.376170088663955,30.362731331150506,21.298179674195794,9.72689839947363
130072_1767741900,130072,0.0,8.41011883325502,21.92015032077248,-0.371081862023022,2.243075969366868e-06,33.19158676964356,20.8788263152349
132430_1767742200,132430,74.0,79.71948491925684,108.04306558840187,44.802441773812745,67.81223180679571,15.820739879871642,9.72689839947363
134494_1767742200,134494,0.0,9.690447615696108,13.159635484814462,0.5536700627819529,8.26458689135721e-07,21.881824669476952,22.630982519953122
134494_1767742500,134494,0.0,9.690447615696108,10.64787134418497,0.7875388039517857,8.26458689135721e-07,18.033718584950364,22.630982519953122
134494_1767742800,134494,0.0,9.690447615696108,15.84844033126262,0.7875388039517857,8.26458689135721e-07,20.571016466519836,22.630982519953122
134494_1767743100,134494,0.0,9.690447615696108,32.039714755306406,9.333273278477327,8.26458689135721e-07,43.41650520707593,22.630982519953122
132430_1767743400,132430,91.0,61.81938251724099,41.48362055437628,47.1474898949371,67.6816635835382,-18.450637821371135,9.72689839947363
132430_1767743700,132430,154.0,61.81938251724099,44.84079574905931,47.1474898949371,67.6816635835382,4.69163361149671,9.72689839947363
129964_1767665100,129964,-45.0,9.667743800764647,-19.70787407254203,2.252733285533208,6.194975258926122e-07,-17.944179464823232,24.568663910117994
129964_1767665400,129964,-37.0,9.667743800764647,-20.868108116312108,-4.899485526132994,6.194975258926122e-07,-18.27052427158057,24.568663910117994
129964_1767665700,129964,-63.0,9.667743800764647,-22.51640691675308,-4.544637078020377,6.194975258926122e-07,-20.20717174556004,24.568663910117994
129964_1767666000,129964,-113.0,-73.52310277986037,-82.16943465477932,-36.77003731463699,-37.779280548625714,-16.215400023870586,24.568663910117994
129964_1767666300,129964,-3.0,-47.3973879178119,-58.15647932503383,-24.899549772340272,-26.31179899224739,-19.258479501378403,24.568663910117994
131672_1767666900,131672,79.0,6.853763758676315,-76.78347226659473,-3.385418579019615,2.046702066395344e-06,-83.10434939552412,21.912633056545065
131672_1767667200,131672,79.0,6.853763758676315,-77.43368640594042,0.3644242042817318,2.046702066395344e-06,-82.81077209756995,21.912633056545065
131672_1767667500,131672,212.0,6.853763758676315,-71.31772407893138,-2.460805996034215,2.046702066395344e-06,-79.23631492463844,21.912633056545065
131672_1767667800,131672,312.0,88.80671142177471,2.0540473816557068,56.72458689251633,65.99717625710609,-78.23132307630664,21.912633056545065
131672_1767668100,131672,273.0,143.9192994525822,89.05812460872596,67.77547588698766,109.58263437740949,-60.78527129291982,21.912633056545065
129964_1767668400,129964,-26.0,2.174195433487874,-42.51051561379455,10.648905075540682,0.79117783298177,-15.66867097772594,24.568663910117994
131672_1767668400,131672,220.0,190.22393213040826,35.712923743554825,133.89516091744278,167.73127496948587,-85.54063110286992,21.912633056545065
134040_1767668400,134040,71.0,9.24091534202745,20.491543758894142,0.24389800882188573,8.14510164165404e-07,39.88264069599015,14.73210727822131
134040_1767668700,134040,136.0,53.7901626863835,68.45513246075329,54.06549999753153,50.78526410667453,48.82976620323988,14.73210727822131
131672_1767668700,131672,407.0,233.73799954651562,83.74324119417946,181.04003385265437,213.35270921610606,-71.6628745543361,21.912633056545065
129964_1767669000,129964,-51.0,-55.9766242694747,-16.32752538046816,-8.960488690589415,-30.043233712354308,7.068355604744667,24.568663910117994
134040_1767669000,134040,119.0,52.54103626518409,69.8979094037248,57.79459094222685,54.68569699603631,47.72604697260828,14.73210727822131
131672_1767669000,131672,408.0,115.72611828443307,89.83303699555057,125.88825587409873,134.09370680598732,-49.33074606389486,21.912633056545065
129964_1767669300,129964,-40.0,26.714004403152536,-43.5496358168475,8.643655130740228,-14.957058036460573,0.45834048582561615,24.568663910117994
134040_1767669300,134040,151.0,129.25098336505079,75.8064895525517,67.430778666762,65.49471545214432,28.864150820935507,14.73210727822131
131672_1767669300,131672,322.0,196.36132306697155,94.62686034052041,195.41976978407772,225.55643858569022,-70.90366428954829,21.912633056545065
131672_1767669600,131672,294.0,18.730066111553207,147.18078300820304,221.66289276534755,252.83179262409257,-56.122321519762,21.912633056545065
134040_1767669600,134040,128.0,58.38074311254724,59.99768027584314,67.4687431567744,62.13391529958356,33.53665912933781,14.73210727822131
129964_1767669600,129964,-21.0,26.714004403152536,-25.529213219059873,8.864347475648586,-14.957058036460573,4.5569004544481615,24.568663910117994
129964_1767669900,129964,10.0,26.67458719737129,-22.663313786360877,5.90775991229836,-18.022483349614518,9.039773396984087,24.568663910117994
134040_1767669900,134040,158.0,129.25098336505079,73.23158160399872,82.53317715591058,65.49471545214432,20.358773787108028,14.73210727822131
131672_1767672000,131672,72.0,130.76644264793615,-70.34946167504341,114.55751828066937,104.08552419751294,-79.33750175887418,21.912633056545065
131672_1767672300,131672,-66.0,107.96777283601489,-34.244283203024054,117.3302667277139,129.09370680598732,-66.36509387597377,21.912633056545065
131672_1767672600,131672,10.0,107.96777283601489,-3.772278460945927,116.9825950109271,129.09370680598732,-58.35627014214846,21.912633056545065
131672_1767672900,131672,27.0,-10.871157746071866,-37.51001975027067,26.074517598017685,15.271833196674397,-49.185017435093485,21.912633056545065
131672_1767673200,131672,-43.0,50.058936052922,-56.380305470762806,40.07504576675127,22.40106076589005,-55.06006556400723,21.912633056545065
131672_1767673500,131672,-31.0,-13.549470727413613,-30.074456793128427,48.33490507311123,22.66112853935788,-27.628861104333872,21.912633056545065
132430_1767673800,132430,137.0,97.40397867319732,108.9924997980694,81.911955404233,60.64238950644298,48.52333398620427,9.72689839947363
134040_1767673800,134040,332.0,85.39680947265765,103.4342087612554,82.0710542970009,63.945305118116565,76.59527803888439,14.73210727822131
132430_1767674100,132430,35.0,168.7306272779442,183.96320507320303,155.5737267943718,112.60187960603245,84.3785391778998,9.72689839947363
134040_1767674100,134040,369.0,128.14282400567225,149.5298329591256,113.73566850888729,89.01004588153607,90.41496867627089,14.73210727822131
132430_1767674400,132430,161.0,109.88441403826263,171.97329821791666,125.74167055161668,74.22988020384788,84.81660681338379,9.72689839947363
134040_1767674400,134040,362.0,293.8608253225191,228.22395671337577,228.90268432006127,208.7991944654058,81.8451996871487,14.73210727822131
134040_1767674700,134040,317.0,192.6309587832839,248.04616029057186,229.94825538989224,217.1438813268496,82.53441957617854,14.73210727822131
132430_1767674700,132430,145.0,38.83100464405056,98.6215199342887,84.14602042866936,36.053872862383415,75.89531440344543,9.72689839947363
134040_1767675000,134040,253.0,293.8608253225191,222.13049385126365,220.43057032604312,215.7991944654058,49.42835458851883,14.73210727822131
132430_1767675000,132430,118.0,85.18783480308038,159.5311725945291,105.01348266939466,78.1885772323062,50.9546463568796,9.72689839947363
132430_1767675300,132430,0.0,125.86276858067136,99.44669014532357,83.87735602729379,59.937088121493204,41.98324079064212,9.72689839947363
134040_1767675300,134040,100.0,286.6073132534362,131.6984299893314,198.26552048865435,230.22804369839085,25.73987569953755,14.73210727822131
134040_1767675600,134040,83.0,195.42885267345162,133.30243227434605,191.10632729206526,187.06642104591828,21.563207429090795,14.73210727822131
130238_1767675900,130238,37.0,109.18264881214624,9.790135315893906,124.09701870610886,133.5415418238791,12.734971566355675,23.76532520972568
134040_1767675900,134040,117.0,135.22491866125716,65.73431082772939,114.1445629530099,104.10478275631054,23.575750729679285,14.73210727822131
130238_1767676200,130238,56.0,109.18264881214624,53.81090152902655,138.57474206538288,133.5415418238791,21.58921074666827,23.76532520972568
134040_1767676200,134040,188.0,143.3985215637518,65.69243579780154,64.95805604570353,61.118713469251055,55.10281582322058,14.73210727822131
130238_1767676500,130238,76.0,109.18264881214624,85.55725488624608,130.61875147075114,133.5415418238791,41.98738184921827,23.76532520972568
134040_1767676500,134040,165.0,27.223967657039474,33.14289759537604,48.57776509517334,58.439361391990865,34.87512982209294,14.73210727822131
134040_1767676800,134040,116.0,187.6109273219943,51.87202178969093,65.02498833025268,112.35016471762104,52.63850605677587,14.73210727822131
130238_1767676800,130238,-9.0,53.10332616299028,29.932165296448314,37.81247596728573,38.97675451691456,46.685747917082914,23.76532520972568
130238_1767677100,130238,38.0,74.21179129948177,70.49182145277928,61.14070585862046,75.16076689399604,65.10072842235692,23.76532520972568
134040_1767677100,134040,112.0,187.6109273219943,56.62117893166152,85.19960113023195,112.35016471762104,37.82164603174128,14.73210727822131
131672_1767677400,131672,86.0,31.979869887386393,-39.0445570908378,39.20178141800683,59.56310221439267,-52.47538758632913,21.912633056545065
122048_1767679200,122048,154.0,146.53357727022814,26.496254961634378,59.84144908216925,94.34696345434968,32.108277687536365,24.470047263419374
133300_1767679200,133300,65.0,14.667290067846178,77.8981931500648,74.91333891150128,12.501877324244814,74.32867785559901,17.676491199465435
122048_1767679500,122048,55.0,91.60023599762789,60.614783167487104,61.10798049589131,97.31024530777334,44.99807006242574,24.470047263419374
133300_1767679800,133300,-49.0,77.57560352000063,67.1085583479116,127.76063619272294,57.72662438844123,31.075463662582234,17.676491199465435
122048_1767679800,122048,59.0,96.46256907708758,26.50351765825411,37.36811069125466,71.27264793247765,32.597602690020615,24.470047263419374
135081_1767679800,135081,6.0,-31.681325793501756,10.297782515063602,23.872604395315598,-4.250672377914068,21.508101286040645,22.704094302776095
135081_1767680100,135081,42.0,-31.681325793501756,2.6679732809105516,20.10188237165864,-4.250672377914068,25.01155976072232,22.704094302776095
133300_1767680100,133300,-49.0,45.882007866125335,78.12496128049543,109.58429142986239,70.34543084609919,32.114330851813946,17.676491199465435
133300_1767680400,133300,-42.0,45.882007866125335,22.066753995444458,30.76767443379631,70.34543084609919,9.414576577198748,17.676491199465435
135081_1767680400,135081,-2.0,-31.681325793501756,1.4485130618827,0.6548437382630716,-4.250672377914068,24.789450390650813,22.704094302776095
133300_1767680700,133300,26.0,-22.64279797912188,-23.56013555320412,-40.82310464363134,-30.376626424742636,18.226300525042966,17.676491199465435
135081_1767680700,135081,-23.0,0.6139366540695121,21.837489556800385,0.15909882147963117,7.034264119094464,21.593479651250092,22.704094302776095
135081_1767681000,135081,20.0,36.694793367631604,-29.237334800375486,-19.60136226268701,20.447145479500314,6.315916881608269,22.704094302776095
135081_1767681300,135081,71.0,-27.75788190121743,-49.07514466996489,-21.33327686141094,-22.237084726076215,-9.225311759339105,22.704094302776095
135081_1767681600,135081,-36.0,29.946270068713762,-6.577808989157315,-3.5589203396115643,13.039747125023153,13.297982803472982,22.704094302776095
135081_1767681900,135081,-25.0,65.76942936625537,5.647696343522469,42.168321902309245,58.183963621145836,-10.979898449313366,22.704094302776095
135081_1767682200,135081,-113.0,52.73730397951394,-24.6175931205133,16.376802720122825,10.52166306506517,-14.379104197922151,22.704094302776095
135081_1767682500,135081,-145.0,-38.17837255047772,-51.38195394397448,-34.29838807634488,-46.1154559133502,3.2218938238092734,22.704094302776095
122048_1767682800,122048,542.0,76.94039915312396,27.166318002438327,13.85059749212762,56.49832569417331,39.072962544259106,24.470047263419374
134040_1767682800,134040,72.0,-85.20609564145296,-46.29968361847514,-43.087534362518205,-54.274392785076024,22.2647292602719,14.73210727822131
135081_1767682800,135081,-127.0,-70.54399471916165,-7.1481653563539,-14.138341168042174,-32.45359061934238,36.54079097303944,22.704094302776095
122048_1767683100,122048,542.0,76.94039915312396,46.3990431706676,57.946027615318656,56.49832569417331,9.462928788219916,24.470047263419374
135081_1767683100,135081,-186.0,-127.8909681089965,-72.18525493015628,-53.35602981802606,-70.4710793035436,22.609890802313494,22.704094302776095
134040_1767683100,134040,131.0,46.34637290366838,45.82021201912141,51.55004680748348,41.68990874050808,35.78808898729135,14.73210727822131
135081_1767683400,135081,-182.0,-19.00130815831251,-61.27626843268064,-48.36222557777879,-72.4710793035436,24.090016881491717,22.704094302776095
122048_1767683400,122048,578.0,76.94039915312396,39.77901822207011,57.946027615318656,56.49832569417331,5.690969668360649,24.470047263419374
134040_1767683400,134040,29.0,45.03570339627744,12.227992426460645,15.201248251707941,1.7563684219258828,24.92342225610676,14.73210727822131
135081_1767683700,135081,-134.0,41.48961474089262,1.7760135740835779,1.3861179074946222,-27.51165391169728,37.88547894201362,22.704094302776095
134040_1767683700,134040,-62.0,62.51722585814977,38.10466203136836,44.41074897378961,53.35353760729272,41.840021670019944,14.73210727822131
122048_1767683700,122048,446.0,158.05313460769835,267.6171035771966,231.30997979265356,287.12781037290443,20.983687046043052,24.470047263419374
134040_1767684000,134040,48.0,95.93424787616274,42.3946729753976,72.37399610908223,60.58991101863394,32.11160417943764,14.73210727822131
122048_1767684000,122048,415.0,158.05313460769835,322.1836206194129,173.24725473474024,198.17687683052515,12.238418861000506,24.470047263419374
135081_1767684000,135081,-142.0,-53.135149810713244,-46.46468813721958,-28.119543006821175,-54.51881793163754,28.736903649116588,22.704094302776095
134040_1767684300,134040,86.0,123.8080857662818,36.64838271789608,63.79035046330219,49.707554692236975,13.699008862663804,14.73210727822131
122048_1767684300,122048,408.0,158.05313460769835,363.86878353847305,249.58901812060736,304.12781037290443,16.13875780438171,24.470047263419374
135081_1767684300,135081,-79.0,-38.00426773049102,8.937546885845919,2.941317535095635,-25.574786565620585,36.546055367213384,22.704094302776095
133957_1767684600,133957,22.0,42.43701941858827,79.8259119488699,61.86449941592546,53.41047770386705,67.08968175664882,17.34297019060519
133957_1767684900,133957,-55.0,67.79480697207885,98.61639110404352,77.20112170058249,71.12440065876146,70.01509018203829,17.34297019060519
133957_1767685200,133957,-36.0,31.64423564246189,47.02806709759514,29.047267450669263,21.936113401955467,69.5801462040241,17.34297019060519
133957_1767685500,133957,-95.0,-7.2726599580647076,22.63501666878595,-8.859375587669,-22.00659101040078,65.20828535487878,17.34297019060519
133957_1767685800,133957,7.0,-71.8296455457377,-25.991869057264154,-44.89637028970529,-57.06869252971368,62.2373047560895,17.34297019060519
133957_1767686100,133957,-55.0,2.23594768105923,-28.198943476018755,-23.96964500647286,-28.939369830180112,50.72172585047675,17.34297019060519
133957_1767686400,133957,9.0,-19.83563155610497,18.47863942824892,6.321953907866799,0.3147999508930326,25.86496310037817,17.34297019060519
134040_1767686400,134040,43.0,188.92454849564956,89.97375600448635,83.12561970718548,101.10478275631054,33.143612232396535,14.73210727822131
134040_1767686700,134040,6.0,54.01321855021136,71.67796521173709,38.59150632116753,47.303566060995806,35.39116082655832,14.73210727822131
133957_1767686700,133957,-42.0,-100.30264350641664,-39.95226952409441,-46.267802176390845,-52.02240619315411,20.370436625985548,17.34297019060519
134040_1767687000,134040,24.0,32.32249456452788,30.37481751976776,37.913998402738166,34.04743502522826,27.95593258868952,14.73210727822131
133957_1767687000,133957,3.0,-26.77015012724813,22.498973041088625,2.8793613443594595,-4.5957063865207175,33.27566840824542,17.34297019060519
134040_1767687300,134040,37.0,58.044915497979765,21.556453557254557,40.35183542722065,32.131979996628125,6.768068958275633,14.73210727822131
133957_1767687300,133957,79.0,-15.124064314168166,0.9266712865162887,-6.147428558830953,-5.2272980173425765,21.014213906512268,17.34297019060519
133957_1767687600,133957,45.0,48.44698630739692,-33.99555317033256,-10.939723857820596,-19.227607087926334,8.049557076238317,17.34297019060519
134040_1767687600,134040,113.0,53.7901626863835,35.84827750902275,58.71586964549546,53.984317679976265,8.45785276419317,14.73210727822131
134040_1767687900,134040,149.0,32.32249456452788,28.441014614534282,49.74184699790361,33.04743502522826,20.937688100717548,14.73210727822131
133957_1767687900,133957,104.0,46.992949046282845,50.463527592278886,62.82976465844503,64.95967746698608,11.26829472575715,17.34297019060519
129964_1767688200,129964,221.0,19.51980020148322,13.718088168811015,43.39681593852246,46.81248398591463,-11.921276336533383,24.568663910117994
133957_1767688200,133957,173.0,81.47730488191033,65.48569731403308,59.47629368366898,58.21259576983784,33.95957799593563,17.34297019060519
133957_1767688500,133957,190.0,51.07102677975258,71.3822619541877,60.23917832148679,60.990921016856035,50.18419609185738,17.34297019060519
133957_1767688800,133957,103.0,75.87497733641459,162.23026037761827,87.29874895208201,110.03423636660904,62.377645630657724,17.34297019060519
129964_1767688800,129964,-54.0,148.24970851587628,14.884480296176719,92.52148166807166,123.64569482090468,-10.484006823543858,24.568663910117994
133957_1767689100,133957,-9.0,147.00141559502453,123.49704774365256,63.72084110039921,73.00192456809978,50.443563304765405,17.34297019060519
129964_1767689100,129964,-78.0,148.24970851587628,23.467456722573587,104.39170385180718,123.64569482090468,-15.517916351513666,24.568663910117994
129964_1767689400,129964,36.0,148.24970851587628,77.3992088739798,103.62205722339176,123.64569482090468,-18.506696753921368,24.568663910117994
133957_1767689400,133957,-23.0,115.93733148362625,82.77406806061438,77.55334139983958,85.93347926164805,37.540531945837444,17.34297019060519
133957_1767689700,133957,-32.0,52.69734773501713,68.63960335533761,69.7932339017475,78.17337176355602,30.21017704624938,17.34297019060519
129964_1767689700,129964,81.0,-71.3808354891054,-71.73457835731755,-31.86423774112381,-31.249952573849875,-13.41144588989912,24.568663910117994
132430_1767690000,132430,-66.0,66.85652640062224,70.35942517282894,53.99516716294848,54.67750839933166,9.571827051323352,9.72689839947363
132430_1767690300,132430,-139.0,24.967951170411713,40.88833886173696,23.049546944046323,27.00048064670108,26.14475645022576,9.72689839947363
122613_1767691800,122613,69.0,16.27512056877815,40.13604989683504,0.7676055120721118,0.6210678718544904,53.92541341050189,26.29275617773385
131672_1767691800,131672,-92.0,-53.3052747146661,-76.50090893935106,-42.55294204990312,-40.954641737385465,-53.67633842801977,21.912633056545065
133300_1767691800,133300,-58.0,77.46560070395111,-13.063343621245338,16.270956670679766,78.00372896261194,-6.8719808059607805,17.676491199465435
133300_1767692100,133300,-58.0,88.05626890303449,35.06868097460972,68.27531247623632,83.82049285779503,6.129108451587436,17.676491199465435
122613_1767692100,122613,-16.0,141.54271840921314,79.34390973414169,68.13461298169918,80.1043949901458,34.088613200228316,26.29275617773385
122613_1767692400,122613,-87.0,64.27372167824981,45.65946170626131,50.123959434885265,65.58617556808436,14.23108200437423,26.29275617773385
133300_1767692400,133300,-31.0,88.05626890303449,38.838168735418805,69.00471313493996,83.82049285779503,9.947411299008012,17.676491199465435
122613_1767692700,122613,-160.0,25.815542478851448,0.14807259119010086,3.10139034729049,2.3337263030549864,23.12903180439289,26.29275617773385
133300_1767692700,133300,-41.0,-86.2456803078515,-65.56761243730627,-67.67089411737749,-63.29841657296427,25.130073911061853,17.676491199465435
122613_1767693000,122613,-147.0,-14.95898536620416,10.066495485848634,-3.104269283726026,-1.782468838243286,34.855976069822134,26.29275617773385
133300_1767693000,133300,-24.0,-38.56901369342485,-18.5053980817844,-37.39062176316948,-32.37662642474264,32.23712899637335,17.676491199465435
133300_1767693300,133300,47.0,-24.858085627924368,-24.461556023969813,-37.54755461548436,-36.963682725004,34.094274553913685,17.676491199465435
122613_1767693300,122613,-146.0,-52.76704389159366,-62.91651669152964,-54.36905718962552,-49.99749773978033,19.760404402078628,26.29275617773385
130238_1767693600,130238,0.0,10.064878593586776,14.722631238624917,-4.580247521571392,1.5673107618172714e-06,22.953264933691376,23.76532520972568
130238_1767695100,130238,-47.0,10.064878593586776,-13.45099784214421,1.5787088540929248,1.5673107618172714e-06,-13.280907082458958,23.76532520972568
133300_1767695400,133300,33.0,83.71538207755637,21.912518568041413,2.9266070296474247,-1.1341405525325587,35.79017643948258,17.676491199465435
133300_1767695700,133300,50.0,54.75418913642453,39.94425446290428,29.196086327077257,30.930300534174595,37.64282958175242,17.676491199465435
122658_1767695700,122658,9.0,5.772415836859047,-39.711214591771856,-12.541418384904834,-8.996255118912753,-8.438086578711244,22.96361597347744
122658_1767696000,122658,100.0,5.772415836859047,-19.721053099456988,-7.774755989013844,-8.996255118912753,20.75219424215126,22.96361597347744
133300_1767696000,133300,197.0,40.539219419429074,56.905659887120265,32.43726718484935,32.45448206270009,55.63648810952321,17.676491199465435
122658_1767696300,122658,271.0,5.772415836859047,-3.4470261798595914,-10.076650510339842,-8.996255118912753,39.36985951968596,22.96361597347744
122658_1767696600,122658,376.0,36.282550378560884,71.2998968726975,46.19320402603513,55.75753268553149,55.32352856782888,22.96361597347744
133300_1767696600,133300,-52.0,74.81863260010697,2.199143334573634,22.624077925836986,81.44206889560992,5.938074864269379,17.676491199465435
133300_1767696900,133300,-52.0,155.25562243235123,82.80947019844129,116.67539868330987,142.45741321013787,18.536875494989303,17.676491199465435
122658_1767696900,122658,318.0,160.62166073953284,64.0298846050932,84.15310058952815,116.47205090891424,28.697643750799713,22.96361597347744
122613_1767697200,122613,0.0,40.09673333468571,33.42036398786077,28.09109816834469,31.900912576154994,27.36562034317034,26.29275617773385
122658_1767697200,122658,352.0,154.21267675094757,247.00343714072574,113.26207416940068,146.24366812716488,91.14198338888775,22.96361597347744
122048_1767697200,122048,-68.0,-85.60272521872545,-57.88085527346183,-47.75932693899374,-49.51606617629368,14.068852801430083,24.470047263419374
122613_1767697500,122613,0.0,40.09673333468571,51.95171220006026,29.97119367364719,31.900912576154994,44.13365677119414,26.29275617773385
122048_1767697500,122048,-129.0,-66.0861620935879,-105.82274988551168,-60.41945395261007,-58.02088050063027,-23.510806993350865,24.470047263419374
122658_1767697500,122658,0.0,319.3837491771969,251.72615437643947,182.36229083721568,266.39761049243725,53.507718031849,22.96361597347744
122613_1767697800,122613,0.0,13.190930248870167,24.429020750754404,-2.570689642878589,9.240189795971514e-06,55.047406256139354,26.29275617773385
122658_1767697800,122658,0.0,303.51519043372093,174.1098152605566,223.25360210388678,256.7028399818902,8.096069009052849,22.96361597347744
122048_1767697800,122048,-129.0,59.629885141384136,-44.31611646973707,-23.939741404069302,-26.60046762197514,3.2003264915626035,24.470047263419374
122658_1767698100,122658,0.0,322.4500265395524,114.45942536230245,213.4681042378492,247.29113174539677,39.71238160359363,22.96361597347744
122048_1767698100,122048,-181.0,-60.64378084159948,-54.658322203081575,-36.271263761471204,-34.02221134301345,-3.9443186198391285,24.470047263419374
122613_1767698100,122613,0.0,13.190930248870167,16.653208984466286,-0.737722580333774,9.240189795971514e-06,47.924719475252715,26.29275617773385
122613_1767698400,122613,0.0,13.190930248870167,1.2385639206643495,-0.7638118285568719,9.240189795971514e-06,26.49763535094821,26.29275617773385
122048_1767698400,122048,-194.0,-62.49812161032615,-85.25345039949599,-64.46929794226259,-58.838914706408914,-10.010191516063427,24.470047263419374
122658_1767698400,122658,0.0,-14.979639962531444,4.6674831466182205,-8.397831325336705,0.3165423237418423,29.346319166780148,22.96361597347744
122658_1767698700,122658,0.0,4.117278058377572,9.294651406055902,-7.9698952210813525,3.3838802857270036e-07,22.092012126059032,22.96361597347744
122048_1767698700,122048,-216.0,-107.20435464686827,-111.58051543190503,-73.55980919600673,-62.84709651287994,-12.082769359145086,24.470047263419374
122613_1767698700,122613,0.0,13.190930248870167,-1.4249446872305693,-0.7638118285568719,9.240189795971514e-06,23.421021986573678,26.29275617773385
122658_1767699000,122658,0.0,4.117278058377572,10.802372905700931,-3.458850456834006,3.3838802857270036e-07,23.39448002166172,22.96361597347744
122658_1767699300,122658,0.0,4.117278058377572,-2.2291657137565113,-3.471670080959397,3.3838802857270036e-07,10.530004270391094,22.96361597347744
122658_1767699600,122658,0.0,4.117278058377572,3.516509691879805,-10.610770819504078,3.3838802857270036e-07,20.907708834583545,22.96361597347744
122658_1767699900,122658,72.0,4.117278058377572,57.366281309477756,-10.60855460375913,3.3838802857270036e-07,72.92713858005017,22.96361597347744
122658_1767700200,122658,183.0,4.117278058377572,23.579841849066252,-11.145730188901206,3.3838802857270036e-07,41.62933821899147,22.96361597347744
122658_1767700500,122658,192.0,50.86341798551356,9.530166668880966,-10.107809670644846,-0.48325653751413067,31.883652132345908,22.96361597347744
129964_1767700800,129964,77.0,-93.44690696987232,-81.84532137810453,-53.019820969184984,-45.87318962304535,-12.46685948450191,24.568663910117994
135081_1767700800,135081,-128.0,-9.948602359934597,-29.590705641780858,-2.2767125621006583,1.347922301776249,-12.628822302531912,22.704094302776095
132430_1767700800,132430,-169.0,-9.524801802165115,-44.23157699750851,-40.09443378888225,-38.509858633351456,22.489581084564485,9.72689839947363
135081_1767701100,135081,-93.0,32.865586436385335,-13.683295893553804,-32.02652807751301,-24.879831260965503,10.065279511114039,22.704094302776095
132430_1767701100,132430,-262.0,-9.120427191336404,-45.73379516409164,-34.7060192784692,-28.397628219274004,12.827150452864448,9.72689839947363
129964_1767701100,129964,80.0,59.138089287197054,52.21938538958619,58.007808937037204,63.47675590624934,-7.979068719789153,24.568663910117994
129964_1767701400,129964,61.0,104.13502238022218,56.6040617292964,69.7301735279598,80.67168877932957,-15.05179836933435,24.568663910117994
132430_1767701400,132430,-258.0,-19.04029309126596,-34.929414893129646,-32.00162916062996,-31.353471847450912,9.17883584241061,9.72689839947363
135081_1767701400,135081,-122.0,-38.00426773049102,-44.00165525165511,-35.32499805734174,-27.93249638454658,-4.107704673760677,22.704094302776095
129964_1767701700,129964,-43.0,33.036935188658234,13.425005516046248,66.43475532240788,67.63003323122577,-31.11305030333408,24.568663910117994
135081_1767701700,135081,19.0,34.59222645289656,-25.948111201908958,-31.332944087263144,-24.875131817789836,-5.8399353600357,22.704094302776095
132430_1767701700,132430,84.0,91.44602185961688,-29.536642489867262,-25.261154889762793,-30.869397889929076,22.48516365660134,9.72689839947363
129964_1767702000,129964,-38.0,57.03771956046812,8.080250388705402,55.79997026663967,56.41430940802277,-26.79527379054885,24.568663910117994
135081_1767702000,135081,9.0,-16.07258115645483,-52.68333222545114,-47.56808856346122,-41.16832170891546,4.909245638744322,22.704094302776095
132430_1767702000,132430,87.0,91.44602185961688,-24.615327733571036,-21.128002051252622,-28.57639424378644,26.665945377475303,9.72689839947363
132430_1767702300,132430,90.0,50.148854415136356,39.61355474430113,25.809132175191642,29.0993197674238,21.71307058658802,9.72689839947363
135081_1767702300,135081,-39.0,-119.09664716925391,-73.49991462329038,-69.96312934766746,-64.4710793035436,9.97053289821945,22.704094302776095
129964_1767702300,129964,-108.0,28.970706226472075,-3.4134763229865603,5.121436517978882,5.474123708257586,-2.041957024387374,24.568663910117994
122613_1767702600,122613,64.0,-110.71690446155321,-9.711139057803948,-51.75753580280908,-52.0572672810685,49.386827414190705,26.29275617773385
122613_1767702900,122613,64.0,27.521564025351424,83.88690549699679,48.07923442513602,49.643731396764714,45.86353372262009,26.29275617773385
131672_1767704400,131672,94.0,39.07103002784926,-34.07937749738383,57.08751081707819,57.66672981334912,-64.538840320454,21.912633056545065
131672_1767704700,131672,13.0,72.37524707100786,-78.20588589368359,68.98649445686102,80.89804942210586,-91.5409713138131,21.912633056545065
131672_1767705000,131672,7.0,65.93188222180379,-50.25922051373351,89.44205580178554,76.58937337454425,-78.35310398947445,21.912633056545065
131672_1767705300,131672,-23.0,90.21569011291251,-60.39402501526641,74.63841438248686,67.84897017753826,-78.99025305607547,21.912633056545065
131672_1767705600,131672,24.0,38.56464001767413,-79.2293664004007,27.185984056603715,15.829698754411975,-83.10970225633147,21.912633056545065
131672_1767705900,131672,9.0,43.032760524683454,-61.63177060145682,6.831879019752675,5.257574754627706,-66.91746797399232,21.912633056545065
135081_1767706200,135081,155.0,52.73730397951394,-3.506194394025899,8.223636103331437,10.52166306506517,-6.711164078134394,22.704094302776095
122613_1767706200,122613,0.0,73.27726276121359,68.95674532075164,64.90479143199755,63.71703145542301,28.765399625939033,26.29275617773385
133957_1767706200,133957,222.0,77.92552234904335,103.78310211762184,59.74677000732608,63.46951899003841,25.34543079522132,17.34297019060519
135081_1767706500,135081,156.0,52.73730397951394,16.480748659973315,9.800208096694002,10.52166306506517,15.147888550444174,22.704094302776095
122613_1767706500,122613,0.0,73.27726276121359,89.52739380468617,66.34524341200178,63.71703145542301,46.28047581516206,26.29275617773385
133957_1767706500,133957,296.0,41.1760942514465,77.06552814103159,66.67817248177697,70.7658725394843,20.478797305291558,17.34297019060519
133957_1767706800,133957,294.0,58.7164208040208,105.12042092642733,72.94562830913374,76.66837729184607,26.944370774951334,17.34297019060519
135081_1767706800,135081,113.0,153.83093957572373,134.11652750735675,91.85774126391006,97.52141442482689,-0.01601689664173675,22.704094302776095
122613_1767706800,122613,0.0,13.190930248870167,29.348727358870825,2.877570346431329,9.240189795971514e-06,60.55064190480868,26.29275617773385
133957_1767707100,133957,182.0,306.50096068029774,261.8447857188558,212.3602855241587,240.9433571714876,56.75773441666504,17.34297019060519
122613_1767707100,122613,0.0,13.190930248870167,18.99749805641621,3.718497546211102,9.240189795971514e-06,50.85253758775559,26.29275617773385
135081_1767707100,135081,130.0,66.9490324525296,103.53890039292297,76.49194973726252,82.11071631281665,-2.463738657761693,22.704094302776095
122613_1767707400,122613,0.0,13.190930248870167,3.730054213596499,3.718497546211102,9.240189795971514e-06,29.572654684433306,26.29275617773385
135081_1767707400,135081,247.0,87.5649591150272,123.09350786292957,86.4740105806395,91.0159618421276,-4.828428185111827,22.704094302776095
133957_1767707400,133957,292.0,265.80816185581546,252.9892961072175,179.28268516233084,201.606257517908,47.05819918437937,17.34297019060519
133957_1767707700,133957,252.0,100.1042218129978,165.99997036597802,93.3847405383268,106.76638660764817,52.933629884869426,17.34297019060519
135081_1767707700,135081,113.0,20.957014092475404,85.4992234719671,66.75364984618562,69.33206763700116,1.3965012129883694,22.704094302776095
122613_1767707700,122613,0.0,13.190930248870167,3.054518602801345,3.718497546211102,9.240189795971514e-06,28.484014317158547,26.29275617773385
134040_1767708000,134040,60.0,156.91649896234514,41.33851919846393,108.48859194655209,111.19136739366768,2.429019048539616,14.73210727822131
122048_1767708000,122048,0.0,15.009352007515396,4.892134539810955,1.380776593319154,0.0015759072997216291,17.302696882841673,24.470047263419374
134040_1767708300,134040,25.0,131.57535897350317,55.38028308556295,103.35103150637896,105.15989719138857,10.92599598823754,14.73210727822131
122048_1767708300,122048,0.0,15.009352007515396,-12.745442373734553,0.9013124820069914,0.0015759072997216291,-2.2762297332233183,24.470047263419374
134040_1767708600,134040,61.0,86.75134600929397,66.0507031176769,60.1637152429299,56.84106692612412,26.460445472398447,14.73210727822131
134040_1767708900,134040,61.0,41.57310888345466,60.58677182755256,57.27926336488025,56.545087297199615,36.46456402808207,14.73210727822131
134040_1767709200,134040,81.0,69.58192935956197,75.8056812059034,60.61869361175828,59.110710274260526,42.22790858898402,14.73210727822131
134040_1767709500,134040,56.0,31.330605189812164,69.77766695618094,53.820550440997586,53.043427402472986,39.545636201736095,14.73210727822131
122048_1767709500,122048,-276.0,15.009352007515396,17.49255084847338,-0.6331147713163794,0.0015759072997216291,19.61686327742558,24.470047263419374
133957_1767710100,133957,102.0,77.92552234904335,19.38922913731642,61.3034445740504,64.46951899003841,2.9822594092740857,17.34297019060519
133957_1767710400,133957,98.0,77.92552234904335,23.38167602981153,61.267622549417254,64.46951899003841,4.273976397479233,17.34297019060519
133957_1767710700,133957,157.0,77.92552234904335,110.02867805998267,65.30739319581566,64.46951899003841,24.641507275378647,17.34297019060519
133957_1767711000,133957,144.0,53.62232383404248,75.38128432877915,65.32796289275001,68.7596864879655,18.936730539051215,17.34297019060519
133957_1767711300,133957,104.0,77.92552234904335,93.0258472206484,64.3332827616287,63.46951899003841,25.148973394291875,17.34297019060519
122048_1767711600,122048,106.0,-1.1855795453698335,-18.54380394487692,15.293722975772154,13.414036318908359,-18.77153025968479,24.470047263419374
122613_1767711600,122613,0.0,13.190930248870167,21.552425082304826,1.2484770328111516,9.240189795971514e-06,53.133760269469306,26.29275617773385
129964_1767711600,129964,-143.0,-111.7133778149421,-105.60218437729995,-69.59112439730409,-73.04767567197572,-12.468267711557623,24.568663910117994
129964_1767711900,129964,-3.0,-28.688327692404812,-85.91548701154387,-37.22563962545419,-40.99428587186284,-27.927718966697086,24.568663910117994
122613_1767711900,122613,0.0,13.190930248870167,17.556813119163966,1.2484770328111516,9.240189795971514e-06,49.138148306328475,26.29275617773385
122048_1767711900,122048,85.0,76.89351898023529,36.868541846610604,75.43404788259164,72.2499983497122,-19.752030708990645,24.470047263419374
129964_1767712200,129964,17.0,-9.438295988210108,-78.18836180947231,-33.708119876889825,-37.99428587186284,-22.645655373608392,24.568663910117994
122048_1767712200,122048,83.0,40.68095673112853,56.83456338856475,63.22016430374744,61.95985696386171,4.390388945092048,24.470047263419374
122048_1767712500,122048,57.0,164.66223812666598,87.99797540319082,78.89613764646191,77.43754732925052,11.03105606301367,24.470047263419374
122613_1767712500,122613,0.0,13.190930248870167,-21.623536090076016,-17.99893417353048,9.240189795971514e-06,-1.2435684069113195,26.29275617773385
129964_1767712800,129964,-108.0,36.43009682865556,-29.8685229945603,-5.022580127477124,20.915916705401962,-23.968376310262304,24.568663910117994
122048_1767712800,122048,-8.0,109.49824516882316,71.80025326311558,64.8131134365171,68.89433923278735,-9.81897355260643,24.470047263419374
122613_1767712800,122613,0.0,13.190930248870167,-2.1896126174619805,1.2510187646495197,9.240189795971514e-06,19.52524089822525,26.29275617773385
122613_1767713100,122613,0.0,13.190930248870167,0.79329733312275,1.2456382716589223,9.240189795971514e-06,26.742727766686322,26.29275617773385
122048_1767713100,122048,92.0,43.744121447825215,41.60809616686145,63.77976448533597,63.95985696386171,-9.655182714196267,24.470047263419374
129964_1767713100,129964,-108.0,219.92090025668566,111.11309696941058,201.26443673911723,207.90512992348732,-17.081269244543087,24.568663910117994
134040_1767713400,134040,36.0,131.57535897350317,44.50436948859823,98.39426400580336,103.15989719138857,9.586900121572294,14.73210727822131
134040_1767713700,134040,21.0,122.91938701266882,66.00596555314684,94.13030090008712,108.4102196078967,13.12319297675195,14.73210727822131
134040_1767714000,134040,108.0,27.223967657039474,50.42260825905654,59.61062191250856,58.439361391990865,22.84404347672146,14.73210727822131
134040_1767714300,134040,-44.0,32.31772753647768,21.587727365998063,17.070625142391414,14.929200128083576,23.300520448267243,14.73210727822131
131672_1767715200,131672,-130.0,38.56464001767413,-99.82893614360763,14.023777921879557,15.829698754411975,-102.01842118550599,21.912633056545065
135081_1767715200,135081,100.0,221.60410245999304,14.19002173795878,47.85685252792213,58.248786689288856,-23.340533612550054,22.704094302776095
131672_1767715500,131672,-99.0,27.797046234348652,-117.58039014291774,8.305692945527927,10.43675728843941,-104.04409921187248,21.912633056545065
135081_1767715500,135081,74.0,221.60410245999304,32.68852850346319,48.24040290732745,58.248786689288856,-10.355109470899636,22.704094302776095
135081_1767715800,135081,82.0,221.60410245999304,45.21992444908153,48.242916060775386,58.248786689288856,6.032180035023176,22.704094302776095
131672_1767715800,131672,-59.0,-96.743966156428,-156.39078467800132,-76.41335779004241,-80.4023567809419,-110.27442647770422,21.912633056545065
135081_1767716100,135081,47.0,90.75904240371656,95.01809369783243,77.77272274777845,88.11071631281665,-2.9750315194413073,22.704094302776095
131672_1767716100,131672,-53.0,-52.26523244617978,-103.42884294848709,-53.7936167056711,-55.568333969542536,-91.84058804471566,21.912633056545065
135081_1767716400,135081,118.0,75.2448867199342,30.839896498946263,53.432615893276754,56.183963621145836,-7.517450719228263,22.704094302776095
131672_1767716400,131672,-55.0,41.16812855056358,-45.92982098295062,-12.619294326468506,-12.925638000439257,-75.99236040341673,21.912633056545065
131672_1767716700,131672,-74.0,72.35665067832467,-71.9708783316303,29.28739859373938,32.24117659998747,-86.96104695930539,21.912633056545065
135081_1767716700,135081,137.0,56.23150899999718,36.15621066642896,55.9832817318907,58.95751110407768,-1.3927561996204991,22.704094302776095
133300_1767717000,133300,-12.0,83.95226143713423,18.845662188282446,63.74250300611989,69.47422055846057,-4.936965731855955,17.676491199465435
133957_1767717000,133957,134.0,54.36531021890089,55.774807641869714,45.34557261920089,60.754402969271624,14.998858649615347,17.34297019060519
133957_1767717300,133957,71.0,72.3796969295444,66.42938356626505,56.027368940820224,82.17337176355602,-1.1070280689553171,17.34297019060519
133300_1767717300,133300,-28.0,17.358324436687898,25.637020910780564,61.68585544659601,67.59224699790322,-0.5235877862952953,17.676491199465435
133957_1767717600,133957,37.0,45.538606524431884,55.58062937042584,41.85847940161413,67.75522579000963,6.115216613268544,17.34297019060519
133300_1767717600,133300,-46.0,17.358324436687898,44.30794665084056,61.68585544659601,67.59224699790322,13.387161059628443,17.676491199465435
133957_1767717900,133957,-25.0,60.14197670525421,126.45646884053096,61.51218598097296,74.66837729184607,46.900910356347346,17.34297019060519
133300_1767717900,133300,25.0,25.180087520280473,20.498914577628504,-5.374216534995961,-2.180203581726529,31.784178767229825,17.676491199465435
133957_1767718200,133957,-42.0,43.386613181894774,80.54742990247759,59.95030122706073,65.94078707701217,43.77318064702474,17.34297019060519
133300_1767718200,133300,26.0,8.821914427187615,42.627027690009456,26.51478330846859,29.930300534174595,33.86205574116686,17.676491199465435
133300_1767718500,133300,129.0,-23.022962713375748,13.262391576915412,-10.165674298338264,-7.410114713410708,32.060357603856055,17.676491199465435
133957_1767718500,133957,-28.0,20.779063439784608,33.83083761156255,1.3892495101471098,4.354406378251841,49.64289252963852,17.34297019060519
132430_1767720600,132430,141.0,337.84342816851176,205.69569423959763,223.36305623199218,258.1870875513563,-7.887953484170567,9.72689839947363
133300_1767720600,133300,99.0,8.244312193941006,7.10554018635409,-8.108779269811931,0.6524415748098022,25.61881429399142,17.676491199465435
132430_1767720900,132430,216.0,65.68367629356338,53.82782542909399,49.78766948745237,60.886271826649455,18.54778720566909,9.72689839947363
133300_1767720900,133300,154.0,14.667290067846178,21.338286007033158,8.404220676497948,11.501877324244814,35.95348417956561,17.676491199465435
133300_1767721200,133300,113.0,45.39456022691959,30.226363152504646,40.11562482493035,37.030309054201226,29.22843901876585,17.676491199465435
132430_1767721200,132430,309.0,125.86276858067136,111.53998265488742,47.104641697496504,58.937088121493204,42.158714258366224,9.72689839947363
132430_1767721500,132430,359.0,146.03780632065298,191.7488771521632,92.20152072731062,87.23328881852184,47.30835499224761,9.72689839947363
134040_1767721500,134040,7.0,48.13215570856688,33.2902972658069,3.298006383677105,-26.12122343693487,56.425315974926264,14.73210727822131
133300_1767721500,133300,-28.0,83.95226143713423,10.85557616195922,50.41535638755316,69.47422055846057,10.957395660409919,17.676491199465435
132430_1767721800,132430,295.0,161.51976799628744,225.07980994614255,165.29197404884815,149.3292427841643,49.6518989026464,9.72689839947363
133300_1767721800,133300,-28.0,90.79461997546586,64.88706972092423,112.0659385744954,75.40898872966908,30.094633222707067,17.676491199465435
134040_1767721800,134040,78.0,48.13215570856688,16.15621925414664,4.446775548234655,-26.12122343693487,58.57249590998156,14.73210727822131
131672_1767721800,131672,21.0,-87.80676969812382,-78.93194202141483,-49.869637038922576,-64.68850130216568,-80.86714135203357,21.912633056545065
131672_1767722100,131672,47.0,-87.80676969812382,-109.13270975415494,-36.185440997008214,-64.68850130216568,-78.43327394430543,21.912633056545065
132430_1767722100,132430,393.0,231.54041628888638,306.90057966977196,226.14446359182062,189.47348311919956,60.24521010113204,9.72689839947363
134040_1767722100,134040,106.0,48.13215570856688,44.44187725821813,5.627567232686587,-26.12122343693487,86.52510152904364,14.73210727822131
133300_1767722100,133300,193.0,90.79461997546586,88.283794066525,114.7479930539653,75.40898872966908,48.59607156444314,17.676491199465435
133957_1767722400,133957,0.0,62.665696997437024,125.37706735262259,102.66061301404955,52.15691944325679,130.50307345250604,17.34297019060519
133957_1767722700,133957,-74.0,-15.117076395427787,82.31428717604547,46.248390126965305,-24.00659101040078,127.95983119188645,17.34297019060519
133957_1767723000,133957,100.0,-26.77015012724813,83.95099978384945,55.0527619941124,-4.5957063865207175,118.88744049879733,17.34297019060519
133957_1767723300,133957,89.0,-2.4498884596708166,52.74161620788469,44.0550091710835,-32.272262904724464,105.403172432548,17.34297019060519
133957_1767723600,133957,114.0,46.992949046282845,128.15471789860425,122.38179450917467,63.55834984686709,80.44688853167396,17.34297019060519
133957_1767723900,133957,163.0,51.026752183108215,136.31005237376658,121.23911694720528,64.70868949668738,89.41876344702662,17.34297019060519
135081_1767724500,135081,112.0,72.55961358544451,23.344693767059766,82.69354026466893,45.316579659247466,0.9895305469675768,22.704094302776095
135081_1767724800,135081,246.0,72.55961358544451,45.854701723451036,82.69354026466893,45.316579659247466,29.299811680128656,22.704094302776095
135081_1767725100,135081,166.0,72.55961358544451,74.69454939244133,83.59895279734616,45.316579659247466,50.8563675179768,22.704094302776095
135081_1767725400,135081,241.0,148.72914364693355,228.18863103984052,161.90388625124487,121.00333348628412,40.34864694860016,22.704094302776095
135081_1767725700,135081,313.0,66.87960708310332,192.5312495566136,139.3801461191821,92.6312354748605,40.33661148256209,22.704094302776095
132430_1767726000,132430,156.0,42.68848186365544,132.43083149276453,118.25685448524032,41.27723058324548,113.95503579970585,9.72689839947363
132430_1767726300,132430,141.0,59.508333996228295,112.04957852827914,92.02821338359436,46.328011732397805,94.0006116542807,9.72689839947363
132430_1767726600,132430,46.0,45.454679981885896,99.0979315234839,71.6945790551362,42.27723058324548,77.4454878785502,9.72689839947363
132430_1767726900,132430,10.0,50.82420044606259,121.56664661551358,76.5615862689259,62.48721802886642,55.5686699199356,9.72689839947363
132430_1767727200,132430,217.0,60.3262487416827,103.09860754794381,66.52833660244244,55.979093632423925,50.007343445238064,9.72689839947363
132430_1767727500,132430,260.0,25.64448698301502,27.080038689806898,14.188699112730767,-1.404107771565009,43.405917779861156,9.72689839947363
135081_1767727800,135081,-58.0,1.5198825305669459,4.00237068977362,44.826106748267904,1.6127716587975947,29.093407354535664,22.704094302776095
135081_1767728100,135081,58.0,41.873832805786606,26.404064260578302,45.23078031481043,4.738799415150579,36.81197716793149,22.704094302776095
135081_1767728400,135081,40.0,-13.71857143879646,41.715569542892936,48.03119413269811,5.738655186779017,35.06316532187679,22.704094302776095
135081_1767728700,135081,-16.0,56.6565150551145,69.81132741879385,84.2243335849048,52.275541448458824,35.37469503155928,22.704094302776095
135081_1767729000,135081,-62.0,-7.571493081786883,13.19546439952885,51.45083161190918,16.867521719530018,22.724631734822573,22.704094302776095
135081_1767729300,135081,-45.0,22.837421382303685,28.6641421808296,46.544886640974035,10.42692248720262,30.516525345498977,22.704094302776095
135081_1767729600,135081,24.0,-25.110424243536116,10.5530006657185,19.41313529830775,-21.237084726076215,32.417365916875845,22.704094302776095
135081_1767729900,135081,206.0,-39.97618995592461,29.529039836377052,10.582273240292778,-27.591954721862948,48.429533994102854,22.704094302776095
135081_1767730200,135081,197.0,-4.158314749280308,49.99403587516224,58.514708511136874,24.51919534808739,34.898059318494546,22.704094302776095
135081_1767730500,135081,234.0,122.91530782301547,179.9629323578219,152.22423584204273,126.50886699636284,24.260565480179018,22.704094302776095
134040_1767730500,134040,121.0,302.7061282795433,145.90168461801693,197.1100329776062,220.71573699727477,75.60118022202246,14.73210727822131
134040_1767730800,134040,191.0,302.7061282795433,227.51792610802133,243.92729619052764,220.71573699727477,47.22009575844514,14.73210727822131
134040_1767731100,134040,150.0,302.7061282795433,214.46701789388612,221.0224808128933,220.71573699727477,50.720573910244475,14.73210727822131
134040_1767731400,134040,214.0,129.25098336505079,114.21502490299596,79.36880871964377,64.49471545214432,68.2466746710988,14.73210727822131
134040_1767731700,134040,152.0,135.22491866125716,150.4399919068346,122.0204397934791,104.10478275631054,60.85689331669423,14.73210727822131
134040_1767732000,134040,152.0,115.78066499000228,209.2377019809627,143.31298411603342,125.89512216593549,70.4460337804876,14.73210727822131
134040_1767732300,134040,181.0,128.14282400567225,166.83942621452047,104.45108453474658,88.01004588153607,57.27035049011029,14.73210727822131
134040_1767732600,134040,230.0,23.088144400887973,189.2550223022129,66.10078501145307,55.35353760729272,76.35580631392966,14.73210727822131
134040_1767732900,134040,315.0,188.92454849564956,195.7529969062046,115.2364492564911,101.10478275631054,46.53855161330652,14.73210727822131
131672_1767733200,131672,-15.0,-6.2501001418473905,-64.77833097784625,21.079344525374218,7.215925908244962,-66.49987592625155,21.912633056545065
131672_1767733500,131672,-60.0,50.058936052922,-78.25398893347347,30.305087663082567,21.40106076589005,-88.34211829129553,21.912633056545065
131672_1767733800,131672,-24.0,69.66741331118705,-70.99986305670402,42.494877730825614,35.792417279952296,-92.83925871976456,21.912633056545065
131672_1767734100,131672,-1.0,-3.589293648529008,-48.09250077225536,6.8240214663141785,-2.105167396726756,-64.30624070171557,21.912633056545065
131672_1767734400,131672,26.0,-6.158774509015757,-54.67434278409591,2.950520952314143,-3.0796189438055634,-69.7567563392144,21.912633056545065
131672_1767734700,131672,12.0,50.234447187681496,-68.15157287705202,29.14977889372574,23.48676722507893,-80.57167301914737,21.912633056545065
135081_1767735000,135081,-184.0,1.5198825305669459,-26.99831252826099,14.855076856567692,1.6127716587975947,-1.416785361882006,22.704094302776095
135081_1767735300,135081,-69.0,-148.30306659716695,-70.97815663650823,-62.62989823436763,-55.51881793163754,1.8412572826098463,22.704094302776095
135081_1767735600,135081,-88.0,-108.58287947938084,-100.29273701454046,-60.0818753861999,-41.52470935692622,-12.213390015878938,22.704094302776095
135081_1767735900,135081,-130.0,-69.41814261714207,-69.74197713074453,-26.288945412677997,-35.45359061934238,-11.07416494589662,22.704094302776095
135081_1767736200,135081,-161.0,-69.41814261714207,-64.64142028098698,-26.606488230985256,-37.45359061934238,-6.313093307904121,22.704094302776095
135081_1767736500,135081,-191.0,-20.92590385892028,-82.8934758358709,-67.35143579486791,-50.16832170891546,-10.61814245184719,22.704094302776095
132430_1767738600,132430,110.0,66.0311858964497,56.31434417130737,41.650739338724,55.67750839933166,8.595721646413637,9.72689839947363
130072_1767738600,130072,0.0,8.41011883325502,16.457316752301224,0.28638695080204785,2.243075969366868e-06,30.27951628077338,20.8788263152349
132430_1767738900,132430,112.0,42.12042234924158,61.20846344749961,35.26204857243767,49.221133821507806,15.115640345500726,9.72689839947363
130072_1767738900,130072,0.0,8.41011883325502,21.035603470454255,-0.3828658587475714,2.243075969366868e-06,32.30703991932533,20.8788263152349
132430_1767739200,132430,81.0,43.222638020604876,36.97790859014311,28.614048427021416,48.33468535415647,11.428628691050239,9.72689839947363
132430_1767739500,132430,-2.0,79.71948491925684,98.56316732501504,47.17521598148565,67.81223180679571,10.683316107515619,9.72689839947363
132430_1767739800,132430,8.0,35.12465991244248,50.18220812815032,35.20351999327418,52.13203026629614,9.945096731778566,9.72689839947363
132430_1767740100,132430,175.0,-52.81725154549629,-19.857808018485372,-30.72469116160837,-8.533039643118961,15.296568591755218,9.72689839947363
134494_1767740400,134494,0.0,9.690447615696108,-5.594170727867205,0.3037652416711086,8.26458689135721e-07,-0.2498861935969563,22.630982519953122
134494_1767740700,134494,0.0,9.690447615696108,-0.9947121008957667,-0.11869809056273732,8.26458689135721e-07,8.020132682590226,22.630982519953122
134494_1767741000,134494,0.0,9.690447615696108,26.05739976667601,0.3037652416711086,8.26458689135721e-07,35.079428600976655,22.630982519953122
134494_1767741300,134494,0.0,9.690447615696108,11.152945752938955,0.2773799862088482,8.26458689135721e-07,19.21865536278905,22.630982519953122
134494_1767741600,134494,0.0,9.690447615696108,14.850044868107787,0.40810639423536726,8.26458689135721e-07,26.4925413008146,22.630982519953122
134494_1767741900,134494,0.0,9.690447615696108,-3.817247007828806,0.2726999470797382,8.26458689135721e-07,4.498175396742629,22.630982519953122
